COLEGIO NACIONAL PRESIDENTE CARLOS A. LOPEZ,1,1,2,1,BELEN,CONCEPCION,MUNICIPIO,20000
ESC. BAS. Nº 2098 NIÑO SALVADOR,1,1,3,1,BELEN,CONCEPCION,COL.EMILIO PEREIRA-MANZ NIÑO SALVAD,208941168
ESC. BAS. Nº 253 TEOFILO MIRANDA Y LIC.NAC.,1,1,4,1,BELEN,CONCEPCION,COL.FDO DE LA MORA,20000
ESC. BAS. Nº 1774,1,1,5,1,BELEN,CONCEPCION,TORALES CUE,10000
ESC. BAS. Nº 1500 PTE. CNEL. RAFAEL FRANCO,1,1,6,1,BELEN,CONCEPCION,COL.EMILIO R.PERIERA-MANZ KM 28-31,6120
ESC. BAS. Nº 1331 Y LIC.NAC SANTA ELENA,1,1,7,1,BELEN,CONCEPCION,COL.EMILIO PEREIRA-MANZ SANTA ELENA,16160
ESC. BAS. Nº 768,1,1,8,1,BELEN,CONCEPCION,COL.FDO DE LA MORA,20000
ESC. BAS. Nº 1889,1,1,9,1,BELEN,CONCEPCION,COL.EMILIO R. PEREIRA,19505
ESC. BAS. Nº 4956,1,1,10,1,BELEN,CONCEPCION,COL.EMILIO PEREIRA-MANZ.SANTA CRUZ,10554
ESC. BAS. Nº 2107,1,1,11,1,BELEN,CONCEPCION,COL.EMILIOR.PEREIRA-MANZ LAGUNA,1250
ESC. BAS. Nº 2099,1,1,12,1,BELEN,CONCEPCION,COL.EMILIO.PEREIRA-MANZ SANTA CRUZ,142563792
ESC. BAS. Nº 2093 SAN LUYIS GONZAGA Y COLEGIO NACIONAL SANTA ELENA,1,1,13,1,BELEN,CONCEPCION,COL.EMILIO PEREIRA-MANZ SAN NICOLAS,219179056
ESC. BAS. Nº 4955 PROF. DR. LUIS MARIA ARGAÑA,1,1,14,1,BELEN,CONCEPCION,COL.EMILIO R.PEREIRA-MANZ KM 28-31,9135
ESC. BAS. Nº 2100,1,1,15,1,BELEN,CONCEPCION,COL.EMILIO R.PEREIRA-JHUGUA OCAMPO,9987
ESC. BAS. Nº 1775,1,1,16,1,BELEN,CONCEPCION,COL.FDO DE MORA-MANZ PASO URUNDEY,10118
ESC. BAS. Nº 1776 Y COLEGIO NACIONAL PEDRO B. ALVARENGA,1,1,17,1,BELEN,CONCEPCION,COL.FDO DE LA MORA,20000
ESC. BAS. Nº 1786 VIRGINIA OSORIO ESTIGARRIBIA,1,1,18,1,BELEN,CONCEPCION,COL.GRAL.DIAZ - POTRERITO,20000
ESC. BAS. Nº 6689 JUAN CECILIO MONTANIA,1,1,19,1,BELEN,CONCEPCION,SANTA ELENA-COL.EMILIO R. PEREIRA,4000
ESC. BAS. Nº 187,1,1,20,1,BELEN,CONCEPCION,MUNICIPIO,30000
ESCUELA COL. FERNANDO DE LA MORA,1,1,21,1,BELEN,CONCEPCION,COL.FDO.DE LA MORA-PEGUAJHO MI,121693760
ESC. BAS. Nº 1775,1,1,22,1,BELEN,CONCEPCION,COL.FDO.DE LA MORA,101201736
ESC. BAS. Nº  1777 SANTO REY,1,1,23,1,BELEN,CONCEPCION,COL.FDO. DE LA MORA KM 16,41987372
ESC. BAS. Nº 2101 WALTER ROGELIO CAVE GAVILAN,1,1,24,1,BELEN,CONCEPCION,COL.FDO. DE LA MORA,15229
ESC. BAS. Nº 6692 NIÑO JESUS,1,1,25,1,BELEN,CONCEPCION,MANZANA PEGUAJHOMI,4023
ESC SALVADOR DEL MUNDO,1,1,26,1,BELEN,CONCEPCION,COL.FERNANDO DE LA MORA,32247236
ESC. BAS. Nº 1785,1,2,1,1,CONCEPCION,CONCEPCION,GRAL. DIAZ,9381
CENTRO INTEGRAL EDUCATIVO NUEVO AMANECER,1,2,2,1,CONCEPCION,CONCEPCION,CONCEPCION,1654
ESC. BAS. Nº 592,1,2,3,1,CONCEPCION,CONCEPCION,ROMERO POTRERO,22605
ESC.SUPERIOR Nº 186 JORGE S. MIRANDA,1,2,4,1,CONCEPCION,CONCEPCION,CONCEPCION,0
M.E.C.,1,2,5,1,CONCEPCION,CONCEPCION,CALERA SAN PEDRO,2500
ESC. BAS. Nº 27 Y COLEGIONAC.AGUSTIN DE PINEDO,1,2,6,1,CONCEPCION,CONCEPCION,CONCEPCION,8500
ESC. BAS. Nº 294 GASPAR RODRIGUEZ DE FRANCIA,1,2,7,1,CONCEPCION,CONCEPCION,ABASTO CUE,10000
ESC. BAS. Nº 500 Y LIC.NAC. SANTA CATALINA,1,2,8,1,CONCEPCION,CONCEPCION,JYUGUA OCAMPO,20000
ESC. BAS. Nº 2088,1,2,9,1,CONCEPCION,CONCEPCION,SAN ANTONIO,3750
ESC. BAS. Nº 840,1,2,10,1,CONCEPCION,CONCEPCION,COE PORA,20000
CENTRO REGIONAL DE EDUCACION,1,2,11,1,CONCEPCION,CONCEPCION,ABASTO CUE,10000
CENTRO REGIONAL DE EDUCACION,1,2,11,2,CONCEPCION,CONCEPCION,MUNICIPIO,34000
ESC. BAS. Nº 841,1,2,12,1,CONCEPCION,CONCEPCION,COE PORA,10550
ESC. BAS. Nº 841,1,2,12,2,CONCEPCION,CONCEPCION,COE PORA,0
ESC. BAS. Nº 2086,1,2,13,1,CONCEPCION,CONCEPCION,GRAL. DIAZ,19600
ESC. BAS. Nº 2085,1,2,14,1,CONCEPCION,CONCEPCION,GRAL. DIAZ,15000
ESC. BAS. Nº 2085,1,2,14,2,CONCEPCION,CONCEPCION,COLONIA GRAL.DIAZ,20000
ESC. BAS. Nº 838,1,2,15,1,CONCEPCION,CONCEPCION,EMILIO PEREIRA,19022
ESC. BAS. Nº 2582,1,2,16,1,CONCEPCION,CONCEPCION,CORONEL MONGES,10000
ESC. BAS. Nº 2087,1,2,17,1,CONCEPCION,CONCEPCION,GRAL. DIAZ,19685
ESC. BAS. Nº 2460 NIÑO MILAGROSO,1,2,18,1,CONCEPCION,CONCEPCION,CHOFERES DEL CHACO,10000
ESC. BAS. Nº 4912 GUSTAVO AGUSTIN GIMENEZ,1,2,19,1,CONCEPCION,CONCEPCION,BARRIO VILLA OLIVA,1680
ESC. BAS. Nº 2322 MARISCAL FRANCISCO S. LOPEZ,1,2,20,1,CONCEPCION,CONCEPCION,SARGENTO JOSE LOPEZ,18115
ESC. BAS. Nº 1722 Y COLEGIO NACIONAL CURUZU ÑU,1,2,21,1,CONCEPCION,CONCEPCION,CURUZU ÑU,15000
ESC. BAS. Nº 595,1,2,22,1,CONCEPCION,CONCEPCION,GRAL. DIAZ,13024
ESC,1,2,23,1,CONCEPCION,CONCEPCION,COL.COE PORA - PASTORIL,76082840
ESC. BAS. Nº 4933 SAN JOSE OBRERO,1,2,24,1,CONCEPCION,CONCEPCION,COLONIA AQUIDABAN,0
ESC. BAS. Nº 2096,1,2,25,1,CONCEPCION,CONCEPCION,MARIA AUXILIADORA,2500
ESC. BAS. Nº 2096,1,2,25,2,CONCEPCION,CONCEPCION,COL.MARIA AUXILIADORA-SAN JUAN,19348
ESC. BAS. Nº 2091,1,2,26,1,CONCEPCION,CONCEPCION,COLONIA EMILIO ROMERO PEREIRA,10370
ESC. BAS. Nº 4343 DR. RAUL PEÑA Y COLEGIO NACIONAL,1,2,27,1,CONCEPCION,CONCEPCION,ALFONSO CUE.,7500
ESC. BAS. Nº 4922,1,2,28,1,CONCEPCION,CONCEPCION,COLONIA CNEL. JOSE MONGELOZ.,10000
ESC. BAS. Nº 6871 VIRGEN DEL ROSARIO,1,2,29,1,CONCEPCION,CONCEPCION,MUNICIPIO,6952
ESC. BAS. Nº 2094,1,2,30,1,CONCEPCION,CONCEPCION,EMILIO ROMERO PEREIRA,702
ESC. BAS. Nº 2094,1,2,30,2,CONCEPCION,CONCEPCION,COL.EMILIO R. PEREIRA-MANZ SAN BLAS,102575384
LIC.NAC.SAN BLAS,1,2,31,1,CONCEPCION,CONCEPCION,EMILIO R.PEREIRA,8671
ESC. BAS. Nº 2075,1,2,32,1,CONCEPCION,CONCEPCION,PICADA CARDUZ-COSTA ALEGRE,6000
ESC. BAS. Nº 1784,1,2,33,1,CONCEPCION,CONCEPCION,BARRIO SAN JORGE,10000
ESC. BAS. Nº 1800,1,2,34,1,CONCEPCION,CONCEPCION,SGTO.JOSE FELIX LOPEZ,10000
COLEGIO NACIONAL SAN ROQUE DE POTRERITO,1,2,35,1,CONCEPCION,CONCEPCION,COLONIA GRAL.DIAZ-POTRERITO,2245
ESC. BAS. Nº 1732,1,2,39,1,CONCEPCION,CONCEPCION,JORGE S.MIRANDA,9200
ESC. BAS. Nº 358 MAYOR ENRIQUE PLANAS,1,2,40,1,CONCEPCION,CONCEPCION,MUNICIPIO,10000
ESC. BAS. Nº 6991 VIRGEN DE FATIMA,1,2,41,1,CONCEPCION,CONCEPCION,COL.1 DE MAYO,33928492
ESC. BAS. Nº 2090,1,2,42,1,CONCEPCION,CONCEPCION,COL.EMILIO PEREIRA-SAN JOSE,27334
ESC. BAS. Nº 15308,1,2,44,1,CONCEPCION,CONCEPCION,COLONIA PASO BARRETO - ISLA TUYU,20614464
ESC. BAS. Nº 15251,1,2,46,1,CONCEPCION,CONCEPCION,COL.PASO BARRETO INMACULADA,35864076
ESC. BAS. Nº 2670,1,2,47,1,CONCEPCION,CONCEPCION,COL.ROBERTO L. PETIT-JHUGUA TUBO,67384536
ESC. BAS. Nº 3229 JORGE SEBASTIAN MIRANDA,1,2,48,1,CONCEPCION,CONCEPCION,COL. JORGE S. MIRANDA- JHUGUÁ ÑANDÚ,10000
ESC. BAS. Nº 6860 MARIA DEL ROSARIO TORRES ARGUELLO,1,2,49,1,CONCEPCION,CONCEPCION,BARRIO PRIMAVERA,1000
ESC. BAS. Nº 6860 MARIA DEL ROSARIO TORRES ARGUELLO,1,2,49,2,CONCEPCION,CONCEPCION,BARRIO PRIMAVERA,543
LICEO NACIONAL CNEL. MONGELOS,1,2,50,1,CONCEPCION,CONCEPCION,CÑIA.CNEL. MONGELOS,10000
ESC. BAS. Nº 7282 SAN ISIDRO LABRADOR,1,2,51,1,CONCEPCION,CONCEPCION,MUNICIPIO,938
ESC. BAS. Nº 1311 Y COLEGIO NACIONAL MARTIRES DE CERRO CORA,1,3,1,1,HORQUETA,CONCEPCION,HORQUETA,30000
ESC. BAS. Nº 28 Y COLEGIO NACIONAL PROCERES DE MAYO,1,3,2,1,HORQUETA,CONCEPCION,HORQUETA,10000
ESC. BAS. Nº 1779 SAN JOSE,1,3,3,1,HORQUETA,CONCEPCION,EPOPEYA NACIONAL,21000
ESC. BAS. Nº 2071,1,3,4,1,HORQUETA,CONCEPCION,COSTA CLAVEL,15383
ESC. BAS. Nº 2071,1,3,4,2,HORQUETA,CONCEPCION,COSTA CLAVEL,153838208
ESC. BAS. Nº 1304 LEONISMO PARAGUAYO,1,3,5,1,HORQUETA,CONCEPCION,CERRO MEMBY,20000
ESC. BAS. Nº 2451,1,3,6,1,HORQUETA,CONCEPCION,ÑEPYTYVO,29374
ESC. BAS. Nº 4134,1,3,7,1,HORQUETA,CONCEPCION,COLONIA EPOPEYA NACIONAL,25418
ESC. BAS. Nº 519 ZAPADORES DEL CHACO,1,3,8,1,HORQUETA,CONCEPCION,HORQUETA,20000
ESC. BAS. Nº 4136 MARTIRES DE ACOSTA ÑU,1,3,9,1,HORQUETA,CONCEPCION,CERRO MEMBY,40000
M.E.C.,1,3,10,1,HORQUETA,CONCEPCION,EPOPEYA NACIONAL,20000
M.E.C.,1,3,11,1,HORQUETA,CONCEPCION,YBY YAU,15000
ESC. BAS. Nº 513 MCAL.ESTIGARRIBIA Y ALFAB.1-32,1,3,12,1,HORQUETA,CONCEPCION,JOSE BERGES,32879
COLEGIO NAC. MARISCAL LOPEZ,1,3,13,1,HORQUETA,CONCEPCION,TACUARA,9600
ESC. BAS. Nº 1717 MARISCAL F.S. LOPEZ,1,3,14,1,HORQUETA,CONCEPCION,TACUARA,9940
COLEGIO NAC. SAGRADO CORAZON DE JESUS,1,3,15,1,HORQUETA,CONCEPCION,COLONIA HERNANDARIAS,215665
COLEGIO NAC. SAGRADO CORAZON DE JESUS,1,3,15,2,HORQUETA,CONCEPCION,COLONIA HERNANDARIAS-JHUGUA GUAZU,172532
ESC. BAS. Nº 11433,1,3,16,1,HORQUETA,CONCEPCION,CERRO MEMBY,20000
ESC. BAS. Nº 1669 GRAL. FRANCISCO CABALLERO,1,3,17,1,HORQUETA,CONCEPCION,VY A PAVE,15000
ESC. BAS. Nº 2454 BEATO ROQUE GONZALEZ,1,3,18,1,HORQUETA,CONCEPCION,HORQUETA,10000
ESC. BAS. Nº 2666,1,3,19,1,HORQUETA,CONCEPCION,COLONIA JOSE BERGES,50000
ESC. BAS. Nº 2069,1,3,20,1,HORQUETA,CONCEPCION,COLONIA EMILIO ROMERO PEREIRA,19048
ESC. BAS. Nº 4333,1,3,21,1,HORQUETA,CONCEPCION,COLONIA JOSE BERGES,10000
ESC. BAS. Nº 2457,1,3,22,1,HORQUETA,CONCEPCION,CUERO FRESCO,9781
LICEO NACIONAL PROF. JORGE S. MIRANDA,1,3,23,1,HORQUETA,CONCEPCION,HORQUETA,7499
ESC. BAS. Nº 4332,1,3,24,1,HORQUETA,CONCEPCION,COLONIA JOSE BERGES,10000
ESC. BAS. Nº 1974,1,3,25,1,HORQUETA,CONCEPCION,COLONIA HERNANDARIAS,12000
ESC. BAS. Nº 4146 6 DE ENERO,1,3,26,1,HORQUETA,CONCEPCION,COLONIA 6 DE ENERO TACUARA,3600
ESC. BAS. Nº 1727 Y LIC.NAC. JHUGUA POI,1,3,27,1,HORQUETA,CONCEPCION,COLONIA HERNANDARIAS,22278
ESC. BAS. Nº 1715,1,3,28,1,HORQUETA,CONCEPCION,COLONIA JOSE BERGES,10540
ESC. BAS. Nº 6693,1,3,29,1,HORQUETA,CONCEPCION,COLONIA JOSE BERGES,10000
COLEGIO NACIONAL EMILIANO R. FERNANDEZ,1,3,30,1,HORQUETA,CONCEPCION,COLONIA VY A PAVE,19919
ESC. BAS. Nº 12031,1,3,31,1,HORQUETA,CONCEPCION,CUERO FRESCO,4438
ESC. BAS. Nº 1704 PABLO EMILIANO QUEVEDO CORDERO Y COLEGIO NACIONAL,1,3,32,1,HORQUETA,CONCEPCION,DEPOSITO,4000
ESC. BAS. Nº 1709 DON CARLOS A. LOPEZ,1,3,33,1,HORQUETA,CONCEPCION,COLONIA EX COMBATIENTES,8040
ESC. BAS. Nº 1706,1,3,34,1,HORQUETA,CONCEPCION,COLONIA HERNANDARIAS,10472
LICEO NACIONAL MAYOR J. OTAÑO,1,3,35,1,HORQUETA,CONCEPCION,COLONIA EX COMBATIENTES,9800
ESC. BAS. Nº 4344  GRAL. B. CABALLERO,1,3,36,1,HORQUETA,CONCEPCION,COLONIA DR. JUAN MANUEL FRUTOS,10000
ESC. BAS. Nº 4339  SANTO DOMINGO,1,3,37,1,HORQUETA,CONCEPCION,COLONIA CAPITAN SOSA,9174
ESC. BAS. Nº 1716,1,3,38,1,HORQUETA,CONCEPCION,COLONIA DR. JUAN  M. FRUTOS,10000
ESC. BAS. DE LA CIA. GRAL. CABALLERO,1,3,39,1,HORQUETA,CONCEPCION,COLONIA DR. JUAN M. FRUTOS,3780
ESC. BAS. Nº 4137,1,3,40,1,HORQUETA,CONCEPCION,COLONIA CERRO MEMBY,20000
ESC. BAS. Nº 4335,1,3,41,1,HORQUETA,CONCEPCION,COLONIA CNEL. EDUARDO SANCHEZ,9800
ESC. BAS. Nº 2459 EDELMIRA TORRES BLANCO,1,3,42,1,HORQUETA,CONCEPCION,COLONIA JOSE BERGES,10000
ESC. BAS. Nº 4334 DON CARLOS A. LOPEZ,1,3,43,1,HORQUETA,CONCEPCION,COLONIA JOSE BERGES,10000
ESC. BAS. Nº 11752,1,3,44,1,HORQUETA,CONCEPCION,AZOTEY,10000
ESC. BAS. Nº 1703 SAN IGNACIO DE LOYOLA Y LICEO NACIONAL SAN IGNACIO,1,3,45,1,HORQUETA,CONCEPCION,COLONIA EX COMBATIENTE,19950
ESC. BAS. Nº 1719 GRAL.CABALLERO Y LIC.SAN JUAN,1,3,46,1,HORQUETA,CONCEPCION,COLONIA EX COMBATIENTE,20000
ESC. BAS. Nº 4952 SAN ROQUE GONZALEZ DE SANTACRUZ,1,3,47,1,HORQUETA,CONCEPCION,BARRIO SAN ROQUE,7396
ESC. BAS. Nº 4357 HERMANO JOSE LUIS ARBUES RUBIOL,1,3,48,1,HORQUETA,CONCEPCION,COLONIA DR. JUAN MANUEL FRUTOS,10000
ESC. BAS. Nº 2123 TTE. SALVADOR PAREDES,1,3,49,1,HORQUETA,CONCEPCION,VILLALBA CUE,10000
ESC. BAS. Nº 1711,1,3,50,1,HORQUETA,CONCEPCION,ESPAJIN,6871
ESC. BAS. Nº 1711,1,3,50,2,HORQUETA,CONCEPCION,ESPAJIN,10000
ESC. BAS. Nº 2073 SAN MIGUEL,1,3,51,1,HORQUETA,CONCEPCION,COL.JOSE BERGES,10000
ESC. BAS. Nº 1712 FULGENCIO YEGROS,1,3,52,1,HORQUETA,CONCEPCION,COL.JUAN M. FRUTOS,20000
ESC. BAS. Nº 1712 FULGENCIO YEGROS,1,3,52,2,HORQUETA,CONCEPCION,COL.JUAN M. FRUTOS,20000
ESC. BAS. Nº 593,1,3,53,1,HORQUETA,CONCEPCION,COL.CPTAN.SOSA,21357
ESC. BAS. Nº 4358,1,3,54,1,HORQUETA,CONCEPCION,COL.E.R.PEREIRA-PEGUAJHO BARRETO,9228
ESC. BAS. Nº 3834 REPUBLICA DEL PARAGUAY,1,3,55,1,HORQUETA,CONCEPCION,COL.CAPITAN SOSA,10797
LIC.NAC.CAP.GUMERCINDO SOSA,1,3,56,1,HORQUETA,CONCEPCION,COLONIA,0
LIC.NAC.EMILIANO R. FERNANDEZ,1,3,57,1,HORQUETA,CONCEPCION,COLONIA,0
ESC. BAS. Nº 6307 EZEQUIEL ESCOBAR,1,3,58,1,HORQUETA,CONCEPCION,COLONIA EXCOMBATIENTE,2500
ESC. BAS. Nº 1707,1,3,59,1,HORQUETA,CONCEPCION,,0
ESC. BAS. Nº 4943,1,3,60,1,HORQUETA,CONCEPCION,LUGAR DENOMINADO TACUARA.,8004
ESC. BAS Nº 2578 GRAL. BERNARDINO CABALLERO,1,3,61,1,HORQUETA,CONCEPCION,COLONIA JUAN MANUEL FRUTOS.,10000
ESC. BAS. Nº 4351 HEROES DEL CHACO,1,3,62,1,HORQUETA,CONCEPCION,,10000
ESC. BAS. Nº 4342 DR. GASPAR R. DE FRANCIA Y LIC.NAC.CAP. JIMENEZ,1,3,63,1,HORQUETA,CONCEPCION,COLONIA JOSE BERGES,10000
ESC. BAS. Nº 2579 CAPITAN SOSA,1,3,64,1,HORQUETA,CONCEPCION,CÑIA. CAPITAN SOSA,10000
ESC. BAS. Nº 4145,1,3,65,1,HORQUETA,CONCEPCION,ZANJA MOROTI,7749
ESC. BAS. Nº 4225 CARLOS A.LOPEZ,1,3,66,1,HORQUETA,CONCEPCION,HORQUETA,10000
ESC. BAS. Nº 10103,1,3,67,1,HORQUETA,CONCEPCION,HERNANDARIAS,10000
ESC. BAS. Nº 2461 VIRGEN DE FATIMA,1,3,68,1,HORQUETA,CONCEPCION,COL.CHOFERES DEL CHACO,10000
ESC. BAS. Nº 4336,1,3,69,1,HORQUETA,CONCEPCION,JOSE BERGES,10000
ESC. BAS. Nº 3564 HEROES DEL CHACO,1,3,70,1,HORQUETA,CONCEPCION,JOSE BERGES,10000
ESC. BAS. Nº 4888 VIRGEN DEL CARMEN,1,3,71,1,HORQUETA,CONCEPCION,JUAN MANUEL FRUTOS,9920
ESC. BAS. Nº 2067,1,3,72,1,HORQUETA,CONCEPCION,HORQUETA,6325
ESC. BAS. Nº 1708 GRAL. JOSE E. DIAZ,1,3,73,1,HORQUETA,CONCEPCION,CUARTELERO,20000
ESC. BAS. Nº 4953 1 DE MAYO,1,3,74,1,HORQUETA,CONCEPCION,COLONIA JUAN MANUEL FRUTOS,10000
ESC. BAS. Nº 1718,1,3,75,1,HORQUETA,CONCEPCION,COLONIA JUAN MANUEL FRUTOS,10000
ESC. BAS. Nº 4937,1,3,76,1,HORQUETA,CONCEPCION,KM .100 BARRIO SAN BLAS,10000
ESC. BAS. Nº 2462 MCAL. JOSE FELIX ESTIGARRIBIA,1,3,77,1,HORQUETA,CONCEPCION,COLONIA CHOFERES DEL CHACO,10000
ESC. BAS. Nº 2070 SAN JUAN BOSCO,1,3,78,1,HORQUETA,CONCEPCION,COLONIA JOSE BERGES,6415
ESC. BAS. Nº 4356,1,3,79,1,HORQUETA,CONCEPCION,COLONIA JOSE BERGES,20000
ESC. BAS. Nº 4356,1,3,79,2,HORQUETA,CONCEPCION,COLONIA JOSE BERGES,20000
INSTITUTO DE FORMACION DOCENTE,1,3,80,1,HORQUETA,CONCEPCION,COLONIA EX - VIA FERREA,380886592
LICEO NACIONAL ALFONSO CUE,1,3,81,1,HORQUETA,CONCEPCION,HORQUETA,10000
ESC. BAS. Nº 4349 PERPETUO SOCORRO,1,3,82,1,HORQUETA,CONCEPCION,COMPAÑIA ORO VERDE,9997
ESC. BAS. Nº 443 "MAYOR JULIO OTAÑO",1,3,83,1,HORQUETA,CONCEPCION,COLONIA EX COMBATIENTES,8500
ESC. BAS. Nº 2580,1,3,84,1,HORQUETA,CONCEPCION,COLONIA JUAN MANUEL FRUTOS,10000
ESC. BAS. Nº 1721,1,3,85,1,HORQUETA,CONCEPCION,COLONIA PRIMAVERA,0
ESC. BAS. Nº 1713 SAN LUIS GONZAGA Y COLEGIO NACIONAL SAN LUIS GONZAGA,1,3,86,1,HORQUETA,CONCEPCION,COLONIA JOSE BERGES,10000
LICEO NACIONAL PABLO EMILIANO QUEVEDO CORDERO,1,3,87,1,HORQUETA,CONCEPCION,DEPOSITO,9984
ESC. BAS. Nº 2667,1,3,88,1,HORQUETA,CONCEPCION,COL.EMILIO R.PEREIRA,10000
ESC. BAS. Nº 4337 SAN ISIDRO,1,3,89,1,HORQUETA,CONCEPCION,COL.JUAN M.FRUTOS,10000
ESC. BAS. Nº 2576 PROF. CARMEN J. MARTINEZ DE LOPEZ,1,3,90,1,HORQUETA,CONCEPCION,COL.JOSé BERGES,10000
ESC. BAS. Nº 6696,1,3,91,1,HORQUETA,CONCEPCION,COL.EX COMBATIENTES,10000
COLEGIO NACIONAL GRAL. MARCIAL SAMANIEGO DE NARANJATY,1,3,92,1,HORQUETA,CONCEPCION,COLONIA DE HERNANDARIAS,9000
ESC. BAS. Nº 4341 "SAN ANDRES",1,3,93,1,HORQUETA,CONCEPCION,EX COMBAT.DE LA GUERA DEL CHACO,5000
ESC. BAS. Nº 2581 SAN ANTONIO,1,3,94,1,HORQUETA,CONCEPCION,COLONIA JUAN MANUEL FRUTOS,15000
ESC. BAS. Nº 4346 GRAL. ELIZARDO AQUINO,1,3,95,1,HORQUETA,CONCEPCION,EX-COMBATIENTES DEL CHACO,10000
ESC. BAS. Nº 2668,1,3,96,1,HORQUETA,CONCEPCION,CAPITAN SOSA,30000
ESC  CAACUPE-I,1,3,97,1,HORQUETA,CONCEPCION,ORO VERDE,9997
ESC. BAS. Nº 4921,1,3,98,1,HORQUETA,CONCEPCION,CNIA.JOSE BERGES,2500
ESC. BAS. Nº 4348 SAN JORGE,1,3,99,1,HORQUETA,CONCEPCION,CNIA.ORO VERDE,10000
ESC. BAS. Nº 1714 PADRE JUAN CARLOS GARCIA,1,3,100,1,HORQUETA,CONCEPCION,COLONIA JOSE BERGES,10000
ESC. BAS. Nº 1710 JOSE BERGES,1,3,101,1,HORQUETA,CONCEPCION,COL.HERNANDARIAS,11180
ESC. BAS. Nº 6836 DR. LUIS MARIA ARGAÑA,1,3,102,1,HORQUETA,CONCEPCION,COL. EXCOMBATIENTES,10020
ESC. BAS. Nº 4340,1,3,103,1,HORQUETA,CONCEPCION,COL.CAPITAN SOSA,10000
ESC. BAS. Nº 4601 DEFENSORES DE LOS DERECHOS DEL NIÑO,1,3,104,1,HORQUETA,CONCEPCION,COL.VIRGEN DEL CAMINO,10000
ESC. BAS. Nº 4950 MARTIRES DE ACOSTA ÑU,1,3,105,1,HORQUETA,CONCEPCION,COL.VIRGEN DEL CAMINO,10000
ESC. BAS. Nº 4347 Y COLEGIO NACIONAL SAN ROQUE G. DE SANTA CRUZ,1,3,106,1,HORQUETA,CONCEPCION,COL.ORO VERDE,10000
ESC. BAS. Nº 1705 NIÑOS HEROES DE ACOSTA ÑU,1,3,107,1,HORQUETA,CONCEPCION,COL. CHOFERES DEL CHACO-JHUGUA POI,750
ESC. BAS. Nº 3213 HEROES DEL CHACO,1,3,108,1,HORQUETA,CONCEPCION,COL.VIRGEN DEL CAMINO-INDIVIDUALIS,10000
ESC. BAS. Nº 1707,1,3,109,1,HORQUETA,CONCEPCION,COL.HERNANDARIAS,19968
LIC.NAC. MONSEÑOR ANIBAL MARICEVICH,1,3,110,1,HORQUETA,CONCEPCION,COL.VIRGEN DEL CAMINO,24200
ESC. BAS. Nº 4602 12 DE ABRIL,1,3,111,1,HORQUETA,CONCEPCION,COL.VIRGEN DEL CAMINO-ARROYITO,10000
ESC. BAS. Nº 2577 INDEPENDENCIA NACIONAL,1,3,112,1,HORQUETA,CONCEPCION,COL.HERNANDARIAS,10000
ESC. BAS. Nº 6456 DR. LUIS MARIA ARGAÑA,1,3,113,1,HORQUETA,CONCEPCION,COL.VIRGEN DEL CAMINO-MANZ.TACUARA,10000
ESC. BAS. Nº 6990 MONSEÑOR ANIBAL MARICEVICH,1,3,114,1,HORQUETA,CONCEPCION,COL.ORO VERDE,178686336
ESC. BAS. Nº 4949 ACOSTA ÑU,1,3,115,1,HORQUETA,CONCEPCION,COL. EXCOMBATIENTES,5000
ESC. BAS. Nº 4598 PARAGUAYO INDEPENDIENTE,1,3,116,1,HORQUETA,CONCEPCION,COL.JOSE BERGES,98988264
ESC. BAS. Nº 6703,1,3,117,1,HORQUETA,CONCEPCION,COL.AVAPABE-AZOTEY,2799
ESC. BAS. Nº 4334 DON CARLOS A. LOPEZ,1,3,118,1,HORQUETA,CONCEPCION,COL.JOSE BERGES,10000
ESC. BAS. Nº 6696 DON SERAPIO VALENZUELA,1,3,119,1,HORQUETA,CONCEPCION,COL.EX COMBATIENTES,5000
ESC. BAS. Nº 4338,1,3,120,1,HORQUETA,CONCEPCION,COL.CAPITAN SOSA-PASO ITA,10000
ESC. BAS. Nº 6392 EUSEBIA CORONEL DE TORRES,1,3,121,1,HORQUETA,CONCEPCION,BARRIO FATIMA(YCUA LUCERO),10080
LIC.NAC.MANUEL ORTIZ GUERRERO,1,3,122,1,HORQUETA,CONCEPCION,COL.ZANJA MOROTI,70203560
ESC. BAS. Nº 4332 CRISTO REY,1,3,123,1,HORQUETA,CONCEPCION,COL.JOSE BERGES,59685096
ESC. BAS. Nº 4948 EXCOMB. DON ALFONSO VALIENTE,1,3,124,1,HORQUETA,CONCEPCION,COL.EXCAMBATIENTES-LUCERO CUE,10000
ALBERGUE INSTITUTO DE FORMACION DOCENTE,1,3,125,1,HORQUETA,CONCEPCION,MUNICIPIO,100898
ESC. BAS. Nº 4340,1,3,126,1,HORQUETA,CONCEPCION,MUNICIPIO-Bº LAS MERCEDES,5460
ESC,1,3,127,1,HORQUETA,CONCEPCION,COL.JUAN M.FRUTOS,10000
ESC. BAS. Nº 7061 VIRGEN DE FATIMA,1,3,128,1,HORQUETA,CONCEPCION,MUNICIPIO-BARRIO VIRGEN DE FATIMA,5100
ESC. BAS. Nº 4598,1,3,129,1,HORQUETA,CONCEPCION,COL.JOSE BERGES,98988264
ESC. BAS. Nº 6693 MARIA AUXILIADORA,1,3,130,1,HORQUETA,CONCEPCION,COL.JOSE BERGES-POTRERO TACUARA,171659392
ESC SAN RAFAEL,1,3,131,1,HORQUETA,CONCEPCION,COL.ZANJA MOROTI-MILAGROSA,90382792
ESC,1,3,132,1,HORQUETA,CONCEPCION,COL.JUAN MANUEL FRUTOS,10600
ESC. BAS. Nº 7075 SANTA TERESITA,1,3,133,1,HORQUETA,CONCEPCION,COL.E.R.PEREIRA-MANZ LAS PALMAS,99944864
ESC. BAS. Nº 839 Y LIC.NAC.PRES.SEBASTIAN PINTOS,1,4,1,1,LORETO,CONCEPCION,COLONIA HERNANDARIAS,20000
ESC. BAS. Nº 591 ZANJA CUE,1,4,2,1,LORETO,CONCEPCION,COLONIA HERNANDARIAS,52000
ESC. BAS. Nº 4923,1,4,3,1,LORETO,CONCEPCION,COLONIA RECONSTRUCCION,10054
LICEO NACIONAL CAñADA DE LA PAZ,1,4,4,1,LORETO,CONCEPCION,COLONIA HERNANDARIAS,20000
ESC. BAS. Nº 2669 INT. RODOLFO SCREIBER,1,4,5,1,LORETO,CONCEPCION,ISLERIA,5000
ESC. BAS. Nº 2097 Y LIC.NAC SAGRADA FAMILIA,1,4,6,1,LORETO,CONCEPCION,COLONIA GRAL. DIAZ,1200
ESC. BAS. Nº 2074,1,4,8,1,LORETO,CONCEPCION,COLONIA AQUIDABAN,2500
ESC. BAS. Nº 4932,1,4,9,1,LORETO,CONCEPCION,COLONIA AQUIDABAN,47637
ESC. BAS. Nº 594,1,4,10,1,LORETO,CONCEPCION,COLONIA HERNANDARIAS,15000
ESC. BAS. Nº 4924,1,4,11,1,LORETO,CONCEPCION,COLONIA RECONSTRUCCION,9972
ESC. BAS. Nº 2670,1,4,12,1,LORETO,CONCEPCION,COLONIA ROBERTO L. PETIT,10000
ESC. BAS. Nº 2084 VIRGEN DEL CAMINO,1,4,13,1,LORETO,CONCEPCION,COLONIA HEROES DEL CHACO,10012
ESC. BAS. Nº 2081,1,4,14,1,LORETO,CONCEPCION,COLONIA HEROES DEL CHACO,10000
ESC. BAS. Nº 985 Y LIC.NAC. JUANA DE ALFONSO,1,4,15,1,LORETO,CONCEPCION,COLONIA RECONSTRUCCION,29121
ESC. BAS. Nº 359 DON CIPRIANO ARGUELLO Y COLEGIO NACIONAL PAI MARCELINO MEDINA,1,4,16,1,LORETO,CONCEPCION,COLONIA MARIA AUXILIADORA,15288
ESC. BAS. Nº 445,1,4,17,1,LORETO,CONCEPCION,PASO BARRETO,11704
ESC. BAS. Nº 4917,1,4,18,1,LORETO,CONCEPCION,COL.CURUZU ÑU,13750
ESC. BAS. Nº 4917,1,4,18,2,LORETO,CONCEPCION,COL.CURUZU ÑU-CURUZU ÑU,13750
COLEGIO NACIONAL GRAL.MARCIAL SAMANIEGO,1,4,19,1,LORETO,CONCEPCION,PASO BARRETO,3666
ESC. BAS. Nº 2076,1,4,20,1,LORETO,CONCEPCION,ISLA TUYU,7501
ESC. BAS. Nº 1312 VITALINA TORRES VDA. DE GARCE,1,4,21,1,LORETO,CONCEPCION,MUNICIPIO,17091
ESC. BAS. Nº 4934,1,4,22,1,LORETO,CONCEPCION,COL.AQUIDABAN-JHUGUA RIVAS,27810
SIN NOMINACION.,1,4,23,1,LORETO,CONCEPCION,COLONIA SAN ALFREDO.,1500
ESC. BAS. Nº 1720,1,4,24,1,LORETO,CONCEPCION,COLONIA HEROES DEL CHACO,15000
ESC. BAS. Nº 1720,1,4,24,2,LORETO,CONCEPCION,COLONIA HEROES DEL CHACO,17000
ESC. BAS. Nº 1720,1,4,24,3,LORETO,CONCEPCION,COLONIA HEROES DEL CHACO,10154
ESC. BAS. Nº 1725 Y LICEO NACIONAL DE YCUA PORA,1,4,25,1,LORETO,CONCEPCION,COLONIA HERNANDARIAS,9000
LIC.NAC.CORAZON DE JESUS,1,4,26,1,LORETO,CONCEPCION,COL.HERNANDARIAS,8647
ESC. BAS. Nº 1724,1,4,27,1,LORETO,CONCEPCION,HERNANDARIAS,240
M.E.C.,1,4,29,1,LORETO,CONCEPCION,COLONIA HERNANDARIAS,10000
ESC. BAS. Nº 2082,1,4,30,1,LORETO,CONCEPCION,COLONIA AQUIDABAN,9607
ESC. BAS. Nº 1723,1,4,32,1,LORETO,CONCEPCION,COLONIA LAGUNA CRISTO,7370
ESC. BAS. Nº 4926,1,4,33,1,LORETO,CONCEPCION,COLONIA HEROES DEL CHACO,9863
ESC. BAS. Nº 4926,1,4,34,1,LORETO,CONCEPCION,COLONIA HEROES DEL CHACO,10000
ESC. BAS. Nº 1730,1,4,35,1,LORETO,CONCEPCION,COL. HEROES DEL CHACO .M.FRONTERA,5383
ESC. BAS. Nº 4930,1,4,36,1,LORETO,CONCEPCION,COLONIA ROBERTO L.PETTIT,10000
COLEGIONAC. JOHN F.KENNEDY,1,4,37,1,LORETO,CONCEPCION,MUNICIPIO,18670
ESC. BAS. Nº 4928,1,4,38,1,LORETO,CONCEPCION,CNIA.RECONSTRUCCION,5034
ESC. BAS. Nº 4925 INMACULADA CONCEPCION,1,4,39,1,LORETO,CONCEPCION,COLONIA RECONSTRUCCION,6000
LOCAL ESCOLAR CNIA.HEROES DEL CHACO,1,4,40,1,LORETO,CONCEPCION,CNIA.HEROES DEL CHACO,3538
ESC. BAS. Nº 1729,1,4,41,1,LORETO,CONCEPCION,COSTA PUCU,12160
ESC. BAS. Nº 1728,1,4,42,1,LORETO,CONCEPCION,COLONIA HERNANDARIAS,10000
ESC. BAS. Nº 1726,1,4,43,1,LORETO,CONCEPCION,COLONIA AQUIDABAN,46750
ESC. BAS. Nº 1731,1,4,44,1,LORETO,CONCEPCION,COLONIA SAN ALFREDO,14419
ESC. BAS. Nº 29 ESPECTACION BERNAL,1,4,45,1,LORETO,CONCEPCION,MUNICIPIO,11472
ESC. BAS. Nº 6970 SANTISIMA TRINIDAD,1,4,46,1,LORETO,CONCEPCION,COL.HEROES DEL CHACO,10000
ESC. BAS. Nº 590 CANADA LA PAZ,1,4,47,1,LORETO,CONCEPCION,CAÑADA LA PAZ,10000
ESC. BAS. Nº 2083,1,4,48,1,LORETO,CONCEPCION,COL. HEROES DEL CHACO,22083
ESC. BAS. Nº 4919 y COLEGIONAC. VIRGEN DE FATIMA,1,4,49,1,LORETO,CONCEPCION,MUNICIPIO,800
ESC. BAS. Nº 4942 SAN ROQUE,1,6,1,1,YBY YAU,CONCEPCION,CERRO MEMBY,10000
ESC. BAS. Nº 2450 PEDRO JUAN CABALLERO,1,6,2,1,YBY YAU,CONCEPCION,MUNICIPIO,10079
SUPERVISION ESC. PRIMARIAS ZONA C,1,6,3,1,YBY YAU,CONCEPCION,MUNICIPIO,620
ESC. BAS. Nº 2451,1,6,4,1,YBY YAU,CONCEPCION,COL.ÑEPYTYVO,20605
ESC. BAS. Nº 14130,1,6,5,1,YBY YAU,CONCEPCION,COL.ZANJA MOROTI-SAN ISIDRO,14998
ESC. BAS. Nº 6994,1,6,6,1,YBY YAU,CONCEPCION,COL.CERRO MEMBY-CERRO CUPE,9902
ESC. BAS. Nº 1780,1,6,7,1,YBY YAU,CONCEPCION,COL.HERMINIO MENDOZA-PASIÑO,20000
ESC. BAS. Nº 4939,1,6,8,1,YBY YAU,CONCEPCION,COL.HERMINIO MENDOZA-SANTOS REYES,5000
SUPERVISION COLEGIOSEC. ZONA B,1,6,9,1,YBY YAU,CONCEPCION,COLONIA,620
ESC. BAS. Nº 4144,1,6,10,1,YBY YAU,CONCEPCION,COL.ZANJA MOROTI,14000
ESC. BAS. Nº 2455 SAN ANTONIO DE PADUA,1,6,11,1,YBY YAU,CONCEPCION,COL.CERRO MENBY-SAPUCAY,20000
ESC. BAS.Nº 6697 JUANA MARIA DE LARA,1,6,12,1,YBY YAU,CONCEPCION,MUNICIPIO,3200
ESC. BAS Nº 383 DE SAPUCAI.,1,6,13,1,YBY YAU,CONCEPCION,LUGAR DENOMINADO CERRO MEMBY,20000
ESC. BAS. Nº 4142,1,6,14,1,YBY YAU,CONCEPCION,COLONIA AVYJHE PYAJHU.,9498
ESC. BAS. Nº 4147,1,6,15,1,YBY YAU,CONCEPCION,CÑIA. HERMINIO MENDOZA,20000
ESC. BAS. Nº 2453,1,6,16,1,YBY YAU,CONCEPCION,COLONIA EPOPEYA NACIONAL,20000
ESC. BAS. Nº 4148,1,6,17,1,YBY YAU,CONCEPCION,HERMINIO MENDOZA,5000
ESC. BAS. Nº 559 SAN BLAS,1,6,18,1,YBY YAU,CONCEPCION,EPOPEYA NACIONAL,20000
COLEGIO NACIONAL GRAL. MARCIAL SAMANIEGO,1,6,19,1,YBY YAU,CONCEPCION,EPOPEYA NACIONAL,30000
ESC. BAS. Nº 540 EPOPEYA NACIONAL,1,6,20,1,YBY YAU,CONCEPCION,YBY YAU,10000
ESC. BAS.Nº 2452 "TOMAS ROMERO PEREIRA",1,6,21,1,YBY YAU,CONCEPCION,TAPYTAGUA,10000
ESC. BAS. Nº 11486,1,6,22,1,YBY YAU,CONCEPCION,COLONIA HERMINIO MENDOZA,10000
ESC. BAS. Nº 1782 SANTA CLARA,1,6,23,1,YBY YAU,CONCEPCION,VYAPAVE,10000
LICEO NACIONAL MARTIRES DE CERRO CORA,1,6,24,1,YBY YAU,CONCEPCION,MUNICIPIO,2800
LICEO NACIONAL CERRO MEMBY,1,6,25,1,YBY YAU,CONCEPCION,COLONIA EPOPEYA NACIONAL,10000
LICEO NACIONAL SAN JUAN BAUTISTA,1,6,26,1,YBY YAU,CONCEPCION,MUNICIPIO,2500
LICEO NACIONAL SAN JUAN BAUTISTA,1,6,26,2,YBY YAU,CONCEPCION,MUNICIPIO,1824
ESC. BAS. Nº 4140 SANTA LIBRADA,1,6,27,1,YBY YAU,CONCEPCION,COL.CERRO MENBY-CERRO SARAMBI,9395
ESC. BAS. Nº 6993 "VIRGEN DE FATIMA",1,6,28,1,YBY YAU,CONCEPCION,COLONIA CERRO MEMBY,10000
ESC. BAS. Nº 12488 PINDOTY,1,6,29,1,YBY YAU,CONCEPCION,COL. EPOPEYA NACIONAL,17872
ESC. BAS. Nº 4141,1,6,30,1,YBY YAU,CONCEPCION,CERRO MEMBY,15000
ESC. BAS. Nº 4139 VIRGEN DE FATIMA,1,6,31,1,YBY YAU,CONCEPCION,COL.EPOPEYA NAC.-AQUIDABAN CAÑADA,22395
ESC. BAS. Nº 4936,1,6,32,1,YBY YAU,CONCEPCION,COL.ÑEPYTYVO,10387
ESC. BAS. Nº 3732 EMILIANO RIVAROLA FERNANDEZ,1,6,33,1,YBY YAU,CONCEPCION,COL.ÑANDE TAPY I-MARIA AUXILIADORA,136908848
ESC. BAS. Nº 4132 MARIA AUXILIADORA,1,6,34,1,YBY YAU,CONCEPCION,COLONIA,2177
ESC. BAS. Nº 4133 SANTA CLARA,1,6,35,1,YBY YAU,CONCEPCION,BARRIO VILLA REAL,7000
COLEGIO NACIONAL SAN CLEMENTE MARIA,1,7,1,1,SAN CARLOS DEL APA,CONCEPCION,SGTO. JOSE FELIX LOPEZ,10000
ESC. BAS. Nº 2320 INDEPENDENCIA NACIONAL,1,7,2,1,SAN CARLOS DEL APA,CONCEPCION,COL.JOSE FELIX LOPEZ-ARA PYAJHU,39135488
ESC. BAS. Nº 2320 INDEPENDENCIA NACIONAL,1,7,2,2,SAN CARLOS DEL APA,CONCEPCION,COL.SGTO.JOSE F.LOPEZ-ARA PYAJHU,58191220
ESC SANTA ANA,1,7,3,1,SAN CARLOS DEL APA,CONCEPCION,COL.SARGENTO LOPEZ-SANTA ANA,204541136
ESC. BAS. Nº 656 DR. FERNADO DE LA MORA,2,1,1,1,25 DE DICIEMBRE,SAN PEDRO,COLONIA 25 DE DICIEMBRE,17834
LICEO NACIONAL Y TALLER DE ARTES INDUSTRIALES,2,1,2,1,26 DE DICIEMBRE,SAN PEDRO,COLONIA 25 DE DICIEMBRE,40000
M.E.C.,2,1,3,1,27 DE DICIEMBRE,SAN PEDRO,COL.25 DE DICIEMBRE-YBYRAYU,6250
ESC. BAS. Nº 2739 SAN IGNACIO,2,1,4,1,28 DE DICIEMBRE,SAN PEDRO,COL.25 DE DIC.MBOCAYATY,9951
COLEGIONAC.SAN BLAS DEL MBOIY,2,1,5,1,29 DE DICIEMBRE,SAN PEDRO,MBOIY,10000
ESC. BAS. Nº 4418 Y LIC.NAC.VIRGEN DEL CARME,2,1,6,1,30 DE DICIEMBRE,SAN PEDRO,25 DE DICIEMBRE,100005
COLEGIONAC.SAN JUAN,2,1,7,1,31 DE DICIEMBRE,SAN PEDRO,25 DE DICIEMBRE,104765688
ESC. BAS. Nº 323 INMACULADA CONCEPCION,2,1,8,1,32 DE DICIEMBRE,SAN PEDRO,COL.POTRERO YBATE,73479248
ESC. BAS. Nº 573 NIÑO JESUS,2,1,9,1,33 DE DICIEMBRE,SAN PEDRO,COL.NAVIDAD,9000
ESC. BAS. Nº 573 NIÑO JESUS,2,1,9,2,34 DE DICIEMBRE,SAN PEDRO,COL.25 DE DIC.CARABIY,20000
ESC. BAS. Nº 3776,2,1,10,1,35 DE DICIEMBRE,SAN PEDRO,COLONIA SAN BERNARDO,106421888
ESC. BAS. Nº 1687 Y LIC.NAC."SAN PEDRO APOSTOL",2,1,11,1,36 DE DICIEMBRE,SAN PEDRO,CñIA.TACURUTY -VACA JHU,10000
ESC. BAS. Nº 4417,2,1,12,1,37 DE DICIEMBRE,SAN PEDRO,CñIA.SAN MIGUEL,2400
ESC. BAS. Nº 3073,2,1,14,1,25 DE DICIEMBRE,SAN PEDRO,25 DE DICIEMBRE,92536456
ESC. BAS. Nº 3075,2,1,15,1,25 DE DICIEMBRE,SAN PEDRO,25 DE DICIEMBRE,10000
ESC. BAS. Nº 3074 Y LIC.NAC.SANTA ROSA,2,1,16,1,25 DE DICIEMBRE,SAN PEDRO,SANTA ROSA,11295
ESC. BAS. Nº 1476 DR. RAUL PEÑA,2,1,17,1,25 DE DICIEMBRE,SAN PEDRO,25 DE DICIEMBRE,15710
ESC. BAS. Nº 4975 ADOLFO ROJAS SILVA,2,1,18,1,25 DE DICIEMBRE,SAN PEDRO,COL.25 DE DIC. - MBOIY,10000
ESC. BAS. Nº 4978,2,1,19,1,25 DE DICIEMBRE,SAN PEDRO,COL. YBYRA YU,2500
ESC. BAS. Nº 2738,2,1,21,1,25 DE DICIEMBRE,SAN PEDRO,COL.25 DE DICIEMBRE-MBOCAYATY I,10049
ESC.DEL LUGAR,2,1,22,1,25 DE DICIEMBRE,SAN PEDRO,COL. 25 DE DICIEMBRE-ZELADOR,117281904
ESC BASICA,2,1,23,1,25 DE DICIEMBRE,SAN PEDRO,COL.25 DE DICIEMBRE-MANZ CARABIY,10000
ESC. BAS. Nº 3276 "SAN JOSE",2,1,24,1,25 DE DICIEMBRE,SAN PEDRO,CÑIA. SAN JOSE-MBOIY,10000
ESC. BAS. Nº 3700 BARRIO OBRERO,2,2,1,1,ANTEQUERA,SAN PEDRO,ANTEQUERA,10000
ESC. BAS. Nº 3702 YATEBO RUGUA,2,2,2,1,ANTEQUERA,SAN PEDRO,COLONIA ANTEQUERA,10000
ESC. BAS. Nº 2266,2,2,3,1,ANTEQUERA,SAN PEDRO,COLONIA ANTEQUERA,9531
ESC. BAS. Nº 501 CARMEN ZELADA,2,2,4,1,ANTEQUERA,SAN PEDRO,COLONIA ANTEQUERA,127865
ESC. BAS. Nº 10132,2,2,5,1,ANTEQUERA,SAN PEDRO,COLONIA ANTEQUERA,10029
ESC. BAS. Nº 994,2,2,6,1,ANTEQUERA,SAN PEDRO,COLONIA ANTEQUERA,488
ESC. BAS. Nº 505 PROF. ELENA RAMIREZ DE OZUNA,2,2,7,1,ANTEQUERA,SAN PEDRO,ANTEQUERA,151283792
COLEGIO NACIONAL GRAL MARCIAL SAMANIEGO,2,2,8,1,ANTEQUERA,SAN PEDRO,ANTEQUERA,10000
ESC. BAS. Nº 2278,2,2,9,1,ANTEQUERA,SAN PEDRO,SAN JOSE CORREA,4675
ESC. BAS. Nº 622 INFANTIL SAN RAMON,2,2,10,1,ANTEQUERA,SAN PEDRO,MUNICIPIO,3577
COLEGIO NACIONAL SANTO DOMINGO,2,3,1,1,CAPIIBARY,SAN PEDRO,CAPI IBARY,10234
ESC. BAS. Nº 3050 "4 DE MAYO ",2,3,2,1,CAPIIBARY,SAN PEDRO,CAPIIBARY,4000
ESC. BAS. Nº 3036,2,3,3,1,CAPIIBARY,SAN PEDRO,MUNICIPIO,10000
COLEGIONAC.SAN ROQUE GONZALEZ DE SANTACRUZ,2,3,4,1,CAPIIBARY,SAN PEDRO,1ºDE MARZO,10000
ESC. BAS. Nº 4537 SAN MIGUEL Y COLEGIO NACIONAL,2,3,5,1,CAPIIBARY,SAN PEDRO,CNIA.CAñON COLORADO,9848
SUPERVISION ZONA "D",2,3,6,1,CAPIIBARY,SAN PEDRO,3 DE NOVIEMBRE,800
ESC. BAS. Nº 3038 Y LIC.NAC.NTRA.SRA ASUNCION,2,3,7,1,CAPIIBARY,SAN PEDRO,COLONIA,9998
ESC. BAS. Nº 1981,2,3,8,1,CAPIIBARY,SAN PEDRO,MUNICIPIO,10000
ESC. BAS. Nº 4536,2,3,9,1,CAPIIBARY,SAN PEDRO,COL.CAÑON COLORADO,100201352
ESC. BAS. Nº 3022 Y COLEGIONAC.,2,3,10,1,CAPIIBARY,SAN PEDRO,CABO CUE,149645184
ESC. BAS. Nº 4535 CALLE 9 DE JUNIO,2,3,11,1,CAPIIBARY,SAN PEDRO,ARA PYAJHU,10080
ESC. BAS. Nº 4540 CALLE 24 DE MAYO,2,3,12,1,CAPIIBARY,SAN PEDRO,COL. ARA PYAJHU,20000
ESC. BAS. Nº 3052 CALLE 26 DE FEBRERO,2,3,13,1,CAPIIBARY,SAN PEDRO,COL. ARA PYAJHU,212913680
ESC. BAS. Nº 3052,2,3,13,2,CAPIIBARY,SAN PEDRO,CNIA.ARA PYAJHU,27007
ESC. BAS. Nº 4539 SAN ISIDRO,2,3,14,1,CAPIIBARY,SAN PEDRO,COL.ARA PYAJHU,10080
ESC. BAS. Nº 4532 CALLE PAZ DEL CHACO,2,3,15,1,CAPIIBARY,SAN PEDRO,COL.ARA PYAJHU,10080
ESC. BAS. Nº 4534 13 DE JUNIO,2,3,16,1,CAPIIBARY,SAN PEDRO,COL. ARAPHYAJHU,23199
COLEGIO NAC. PEDRO LOPEZ,2,3,17,1,CAPIIBARY,SAN PEDRO,MUNICIPIO,14000
ESC. BAS. Nº 3037,2,3,18,1,CAPIIBARY,SAN PEDRO,CALLE 1 DE NOVIEMBRE,5000
ESC. BAS. Nº 3037,2,3,18,2,CAPIIBARY,SAN PEDRO,CALLE 1 DE NOVIEMBRE,5000
ESC. BAS. Nº 4542,2,3,19,1,CAPIIBARY,SAN PEDRO,COL.CAPIIBARY,10400
ESC. BAS. Nº 4650,2,3,20,1,CAPIIBARY,SAN PEDRO,COL.CAPIIBARY,10000
ESC. BAS. Nº 3545 SAN RAFAEL,2,3,21,1,CAPIIBARY,SAN PEDRO,COL.CAPIIBARY,6000
ESC. BAS. Nº 4543 SAN ISIDRO,2,3,22,1,CAPIIBARY,SAN PEDRO,COL.CAPIIBARY,99823952
ESC. BAS. Nº 4544 Y COLEGIO NACIONAL SANTA ROSA DE LIMA,2,3,23,1,CAPIIBARY,SAN PEDRO,COL.CAPIIBARY,79297640
ESC. BAS. Nº 4538,2,3,24,1,CAPIIBARY,SAN PEDRO,COL.ARA PHYAJHY,94999968
ESC. BAS. Nº 4655,2,3,25,1,CAPIIBARY,SAN PEDRO,COL.CAPAIIBARY,9100
ESC. BAS. Nº 3025,2,3,26,1,CAPIIBARY,SAN PEDRO,CALLE 1 DE MARZO,10000
COLEGIO NACIONAL CAPIIBARY,2,3,27,1,CAPIIBARY,SAN PEDRO,MUNICIPIO,5000
COLEGIO NACIONAL CAPIIBARY,2,3,27,2,CAPIIBARY,SAN PEDRO,MUNICIPIO,4500
ESC. BAS. Nº 4530 CARMEN SPERATTI DE MARTINEZ,2,3,28,1,CAPIIBARY,SAN PEDRO,COL.CAPIIBARY-MANZ 1º DE MARZO,8400
ESC. BAS. Nº 2910 SAN RAMON Y COLEGIO NACIONAL ARA PYAHU,2,3,29,1,CAPIIBARY,SAN PEDRO,COL.ARA PYAJHU,333944992
ESC. BAS. Nº 3048 DR. VICENTE ZARUBBI SALDIVAR Y COLEGIO NACIONAL 3 DE NOVIEMBRE,2,3,30,1,CAPIIBARY,SAN PEDRO,3 DE NOVIEMBRE,8365
ESC. BAS. Nº 3412 Y COLEGIO NACIONAL MARIA AUXILIADORA,2,3,31,1,CAPIIBARY,SAN PEDRO,SAN ESTANISLAO,4400
ESC. BAS. Nº 3412 Y COLEGIO NACIONAL MARIA AUXILIADORA,2,3,31,2,CAPIIBARY,SAN PEDRO,SAN ESTANISLAO,4400
ESC. BAS. Nº 2544,2,4,1,1,CHORE,SAN PEDRO,COLONIA FELICIDAD,10000
ESC. BAS. Nº 2561 Y LIC.NAC.CARLOS A.LOPEZ,2,4,2,1,CHORE,SAN PEDRO,COLONIA CRUCE KOKUERA YEEPOPYHY,39380
ESC. BAS. Nº 1484 LIBERACION NORTE Y COLEGIONAC.,2,4,3,1,CHORE,SAN PEDRO,COLONIA LIBERACION,19212
ESC. BAS. Nº 1483 DON AGUSTIN CAMPOS ALUM,2,4,4,1,CHORE,SAN PEDRO,COLONIA KO E PYTA,10000
ESC. BAS. Nº 658 Y COLEGIONAC.,2,4,5,1,CHORE,SAN PEDRO,COLONIA YPOPYHY,31106
ESC. BAS. Nº 4831 DON AUGUSTO ROA BASTOS Y COLEGIO NACIONAL SAN ISIDRO,2,4,6,1,CHORE,SAN PEDRO,COLONIA YEPOPYHY,9833
ESC. BAS. Nº 1492,2,4,7,1,CHORE,SAN PEDRO,COLONIA YOAYHU,10906
ESC. BAS. Nº 2546,2,4,8,1,CHORE,SAN PEDRO,COLONIA AQUIDABAN NIGUI,17499
ESC. BAS. Nº 1482,2,4,9,1,CHORE,SAN PEDRO,COLONIA KOKUERA,25947
ESC. BAS. Nº 1482,2,4,9,2,CHORE,SAN PEDRO,COCUERA,9999
ESC. BAS. Nº 4834 CARLOS A. LOPEZ,2,4,10,1,CHORE,SAN PEDRO,COLONIA YEPOPYHY,9985
ESC. BAS. Nº 1475 JOSE MIÑO,2,4,11,1,CHORE,SAN PEDRO,COLONIA AQUIDABAN NIGUI,9920
ESC. BAS. Nº 2542 Y COLEGIO NACIONAL SANTA ELENA,2,4,12,1,CHORE,SAN PEDRO,COLONIA YOAYHU,10372
ESC. BAS. Nº 1679 Y LIC.NAC. NUCLEAR III,2,4,13,1,CHORE,SAN PEDRO,COL.COE POTI,22500
ESC. BAS. Nº 4810,2,4,14,1,CHORE,SAN PEDRO,COL.COCUERA,10000
ESC. BAS. Nº 2740,2,4,15,1,CHORE,SAN PEDRO,COL.COCUERA,10000
LIC.NAC. NUCLEA 1,2,4,16,1,CHORE,SAN PEDRO,COL.LISIADOS DE LA GUERRA DEL CHACO,18009
LIC.NAC.DE LA COLEGIO INDUSTRIAL CUE NUCLEAR II,2,4,17,1,CHORE,SAN PEDRO,COL.INDUSTRIAL CUE-NUCLEAR 2,9645
ESC. BAS. Nº 2547,2,4,18,1,CHORE,SAN PEDRO,COL.LISIADOS DE LA GUARRA DE CHACO,10000
ESC. BAS. Nº 4984,2,4,19,1,CHORE,SAN PEDRO,COL.REPATRIADOS DEL NORTE-SAN JORGE,10000
ESC. BAS. Nº 2560,2,4,20,1,CHORE,SAN PEDRO,COL.LA NIÑA,6379
LIC.NAC.NUCLEAR Nº 3,2,4,21,1,CHORE,SAN PEDRO,COL.COE POTI,15625
M.E.C.,2,4,22,1,CHORE,SAN PEDRO,COL.COCUERA,25156
ESC. BAS. Nº 2724 COE POTI.,2,4,23,1,CHORE,SAN PEDRO,COLONIA COE POTI.,10000
COLEGIO NACIONAL NACIENTE.,2,4,24,1,CHORE,SAN PEDRO,COLONIA COE POTI.,5000
ESC. BAS. Nº 4831,2,4,25,1,CHORE,SAN PEDRO,LIBERACION,9921
MEC.,2,4,26,1,CHORE,SAN PEDRO,COLONIA FELICIDAD,9902
LICEO NACIONAL JHUGUA POTI,2,4,27,1,CHORE,SAN PEDRO,LISIADOS DE GUERRA DEL CHACO,10000
LICEO NACIONAL COCUERA,2,4,28,1,CHORE,SAN PEDRO,COCUERA,10000
ESC. BAS. Nº 1474 Y COLEGIO NACIONAL MARIA AUXILIADORA,2,4,29,1,CHORE,SAN PEDRO,COL.AQUIDABAN NIGUI,9600
ESC. BAS. Nº 2552,2,4,30,1,CHORE,SAN PEDRO,COL.FELIDIDAD,9999
ESC. BAS. Nº 4832,2,4,31,1,CHORE,SAN PEDRO,PLACIDO,10000
ESC. BAS. Nº 2906,2,4,32,1,CHORE,SAN PEDRO,COL.FELICIDAD,10000
ESC. BAS. Nº 2783,2,4,33,1,CHORE,SAN PEDRO,NACIENTE BºCOLORADO,9999
ESC. BAS. Nº 2543 Y COLEGIO NACIONAL BARRIO OVETENSE,2,4,34,1,CHORE,SAN PEDRO,COL.AQUIDABAN NIGUI,10000
ESC. BAS. Nº 3870,2,4,35,1,CHORE,SAN PEDRO,YEPOPYJHY,5999
ESC. BAS. Nº 1694 SAN ISIDRO LABRADOR Y COLEGIO NACIONAL SAN ISIDRO SALVADOR,2,4,36,1,CHORE,SAN PEDRO,YEPOPYJHY,10000
ESC. BAS. Nº 4830,2,4,37,1,CHORE,SAN PEDRO,YEPOPYJHY *FINCA 2041 3347/1995,9999
ESC. BAS. Nº 4830,2,4,37,2,CHORE,SAN PEDRO,YEPOPYJHY *FINCA 2041 3347/1995,9999
ESC. BAS. Nº 3871,2,4,38,1,CHORE,SAN PEDRO,CALLE 1ºDE MARZO,15000
ESC. BAS. Nº 4833,2,4,39,1,CHORE,SAN PEDRO,YEPOPYJHY,5544
ESC. BAS. Nº 2547,2,4,40,1,CHORE,SAN PEDRO,LISIADO DE LA GUERRA,125
ESC. BAS. Nº 4992,2,4,41,1,CHORE,SAN PEDRO,AQUIDABAN NIGUI,9999
COLEGIO NACIONAL ÑANDYPA,2,4,42,1,CHORE,SAN PEDRO,AQUIDABAN,5857
ESC. BAS. Nº 1346,2,4,43,1,CHORE,SAN PEDRO,YEPOPYJHY,9985
ESC. BAS. Nº 1485 Y LIC.NAC.CHOREMI,2,4,44,1,CHORE,SAN PEDRO,COL.LIBERACION,2641
ESC. BAS. Nº 2549,2,4,45,1,CHORE,SAN PEDRO,COE POTI,8012
COLEGIONAC.DE CHORE,2,4,46,1,CHORE,SAN PEDRO,YEPOPYJHY,10000
LICEO NACIONAL ALFONSO LOMA CARAGUATAY-I HOY CLAUSURADO,2,4,47,1,CHORE,SAN PEDRO,YEPOPYJHY,10000
ESC. BAS. Nº 1487 Y LIC.NAC.NUCLEAR II,2,4,48,1,CHORE,SAN PEDRO,NUCLEAR 2,8192
ESC. BAS. Nº 1676 Y LIC.NAC. PANCHITO LOPEZ,2,4,49,1,CHORE,SAN PEDRO,INDUSTRIAL CUE,9004
ESC. BAS. Nº 503 Y LIC.NAC."LA NIñA",2,4,50,1,CHORE,SAN PEDRO,CNIA.LA NIñA,10000
SUPERVISION DE APOYO TECNICO PEDAGOGICO ZONA 3,2,4,51,1,CHORE,SAN PEDRO,CRUCE LOBERACION,1400
LOCAL ESCOLAR,2,4,52,1,CHORE,SAN PEDRO,COLONIA COCUERA,3108
ESC. BAS. Nº 2541 VIRGEN DE FATIMA Y COL.NAC.,2,4,53,1,CHORE,SAN PEDRO,COE PYTA,40000
ESC. BAS. Nº 1677,2,4,54,1,CHORE,SAN PEDRO,INDUSTRIAL CUE 2º LINEA,1500
ESC. BAS. Nº 1677,2,4,54,2,CHORE,SAN PEDRO,EX INDUSTRIAL-CUE 2º LINEA,5500
ESC. BAS. Nº 2548,2,4,55,1,CHORE,SAN PEDRO,COL.CARAGUATAY-MI,ALFONSO LOMA,5000
ESC. BAS. Nº 4815,2,4,56,1,CHORE,SAN PEDRO,COL. COCUERA,10000
ESC. BAS. Nº 4983 SAN JUAN,2,4,57,1,CHORE,SAN PEDRO,COL.YEPOPYJHY,98540792
ESC. BAS. Nº 6614,2,4,58,1,CHORE,SAN PEDRO,COL.YEPOPYJHY,100105008
ESC. BAS. Nº 4979,2,4,59,1,CHORE,SAN PEDRO,COL.AQUIDABAN NIGUI-BºSAN PABLO,5000
ESC. BAS. Nº 4979,2,4,59,2,CHORE,SAN PEDRO,COL.AQUIDABAN NIGUI-Bº SAN PABLO,5000
ESC. BAS. Nº 4980 SAN MIGUEL,2,4,60,1,CHORE,SAN PEDRO,COL. KOE PYTA,10000
ESC. BAS. Nº 3873,2,4,61,1,CHORE,SAN PEDRO,COL.YCUA PORÁ,14450
COLEGIO POLITECNICO DE CHORE,2,4,62,1,CHORE,SAN PEDRO,COLONIA LIBERACION,25000
ESC. BAS. Nº 3405,2,4,63,1,CHORE,SAN PEDRO,COL.COE POTI-CALLE ROSARINA,10000
ESC. BAS. Nº 1482,2,4,64,1,CHORE,SAN PEDRO,COL.COCUERA-SANTA LUCIA,104694272
ESC. BAS. Nº 4809,2,4,65,1,CHORE,SAN PEDRO,COL. COCUERA,10050
ASIENTO COLONIA AQUIDABAN NIGUI,2,4,66,1,CHORE,SAN PEDRO,COL. AQUIDABAN NIGUI,5000
COLEGIO TECNICO DE LA ZONA INDUSTRIAL CUE,2,4,67,1,CHORE,SAN PEDRO,COL.INDUSTRIAL CUE-NUCLEAR 2,10000
COLEGIO NACIONAL DE CHORE,2,4,68,1,CHORE,SAN PEDRO,COL.YEPOPYJHY,41222296
ESC. BAS. Nº 4991,2,4,69,1,CHORE,SAN PEDRO,COL. TORO PIRU,69996776
ESC. BAS. Nº 4990 SAN JUAN,2,4,70,1,CHORE,SAN PEDRO,COL. TORO PIRU,99988112
ESC. BAS. Nº 4988,2,4,71,1,CHORE,SAN PEDRO,COL.TORO PIRU,101499840
ESC. BAS. Nº 3874,2,4,72,1,CHORE,SAN PEDRO,COL.YKUA PORA,10000
ESC. BAS. Nº 2930,2,4,73,1,CHORE,SAN PEDRO,COL.COCUERA,14000
ESC,2,4,74,1,CHORE,SAN PEDRO,COL.COCUERA,49976400
ESC. BAS. Nº 12136,2,4,75,1,CHORE,SAN PEDRO,COL.LIS.GUARRA-B° SANTO DOMINGO,10000
ESC. BAS. Nº 4045 8 DE AGOSTO,2,4,76,1,CHORE,SAN PEDRO,COL.LISIADOS DE LA GUERRA DEL CHACO,9230
ESC. BAS. Nº 2545 SAN JOSE Y COLEGIO NACIONAL  19 DE MARZO,2,4,77,1,CHORE,SAN PEDRO,COL. AQUIDABAN NIGUI,10000
ESC. BAS. Nº 3869 INMACULADA CONCEPCION,2,4,78,1,CHORE,SAN PEDRO,BARRIO 8 DE DICIEMBRE,4000
ESC. BAS. Nº 6161 VIRGEN DE FATIMA,2,4,79,1,CHORE,SAN PEDRO,BARRIO VIRGEN DE FATIMA,10000
COLEGIO NACIONAL GRAL.ELIZARDO AQUINO,2,5,1,1,GRAL. AQUINO,SAN PEDRO,GRAL. E. AQUINO,10000
COLEGIO NACIONAL SANTA CLARA,2,5,2,1,GRAL. AQUINO,SAN PEDRO,COLONIA GRAL. AQUINO,3422
ESC. BAS. Nº 2948,2,5,3,1,GRAL. AQUINO,SAN PEDRO,COLONIA GRAL. AQUINO,10000
ESC. BAS. Nº 1621,2,5,4,1,GRAL. AQUINO,SAN PEDRO,COLONIA GRAL. E. AQUINO,10010
ESC. BAS. Nº 34,2,5,5,1,GRAL. AQUINO,SAN PEDRO,COLONIA GRAL. E. AQUINO,14418
ESC. BAS. Nº 497 Y COLEGIO NACIONAL  TTE.ROJAS SILVA,2,5,6,1,GRAL. AQUINO,SAN PEDRO,JHUGUA REY,20000
ESC. BAS. Nº 1623,2,5,7,1,GRAL. AQUINO,SAN PEDRO,COL.GRAL. AQUINO,12513
ESC. BAS. Nº 3466,2,5,8,1,GRAL. AQUINO,SAN PEDRO,COL.YURUYJHEI,10024
ESC. BAS. Nº 2949,2,5,9,1,GRAL. AQUINO,SAN PEDRO,COL.GRAL.AQUINO,10005
ESC. BAS. Nº 4428 SAN RAFAEL,2,5,10,1,GRAL. AQUINO,SAN PEDRO,COLONIA,10000
ESC. BAS. Nº 2945,2,5,11,1,GRAL. AQUINO,SAN PEDRO,,1047
ESCUELA NACIONAL DE COMERCIO,2,5,12,1,GRAL. AQUINO,SAN PEDRO,,20000
ESC. BAS. Nº 1759 Y LIC. NAC. VIRGEN DE FATIMA,2,5,13,1,GRAL. AQUINO,SAN PEDRO,,14775
LIC.NAC. JHUGUA MERCEDES,2,5,14,1,GRAL. AQUINO,SAN PEDRO,,10000
LICEO NACIONAL SAN FRANCISCO,2,5,15,1,GRAL. AQUINO,SAN PEDRO,COLONIA ÑANDEYARA.,4975
ESC. BAS. Nº 1945,2,5,16,1,GRAL. AQUINO,SAN PEDRO,SOLARES URBANOS,8966
ESC. BAS. Nº 4968,2,5,17,1,GRAL. AQUINO,SAN PEDRO,COLONIA YURUJHEY,7826
ESC. BAS. Nº 2950 MARIA AUXILIADORA,2,5,18,1,GRAL. AQUINO,SAN PEDRO,COLONIA YURUJHEY,9560
ESC. BAS. Nº 3463,2,5,19,1,GRAL. AQUINO,SAN PEDRO,GRAL. E. AQUINO,5199
COLEGIO NACIONAL DR. EUSEBIO AYALA,2,5,20,1,GRAL. AQUINO,SAN PEDRO,GRAL. E. AQUINO,10000
ESC. BAS. Nº 4426,2,5,21,1,GRAL. AQUINO,SAN PEDRO,SANTA CLARA,2500
LICEO NACIONAL VIRGEN DE FATIMA,2,5,22,1,GRAL. AQUINO,SAN PEDRO,GRAL. E. AQUINO,4919
COLEGIO NACIONAL DE PINDOTY,2,5,23,1,GRAL. AQUINO,SAN PEDRO,GRAL. E. AQUINO,10000
ESC. BAS. Nº 4433 GRAL B. CABALLERO,2,5,24,1,GRAL. AQUINO,SAN PEDRO,JHUGUA REY,10000
ESC. BAS. Nº 1758,2,5,25,1,GRAL. AQUINO,SAN PEDRO,YURUJHEI,10000
ESC. BAS. Nº 2791,2,5,26,1,GRAL. AQUINO,SAN PEDRO,SAN LUIS,10000
ESC. BAS. Nº 977,2,5,27,1,GRAL. AQUINO,SAN PEDRO,COSTA PUCU,6254
ESC. BAS. Nº 4425,2,5,28,1,GRAL. AQUINO,SAN PEDRO,3 DE MAYO SANTA CLARA,10000
ESC. BAS. Nº 635,2,5,29,1,GRAL. AQUINO,SAN PEDRO,JHUGUA POI,20000
ESC. BAS. Nº 2624 DON JUAN GRECO,2,5,30,1,GRAL. AQUINO,SAN PEDRO,CIA. 1 DE MARZO,2500
ESC. BAS. Nº 2624"DON JUAN GRECO",2,5,30,2,GRAL. AQUINO,SAN PEDRO,MUNICIPIO,2500
ESC. BAS. Nº 1643,2,5,31,1,GRAL. AQUINO,SAN PEDRO,COLONIA YURUJHEI,4988
ESC. BAS. Nº 4427 JESUS BUEN PASTOR,2,5,32,1,GRAL. AQUINO,SAN PEDRO,BARRIO BUEN PASTOR,5000
ESC. BAS. Nº 2953,2,5,33,1,GRAL. AQUINO,SAN PEDRO,GRAL.AQUINO (CAMPO VIRGEN),10000
ESC. BAS. Nº 2625 RUFINO GONZALEZ CABRERA,2,5,34,1,GRAL. AQUINO,SAN PEDRO,COLONIA GRAL.AQUINO,10000
ESC. BAS. Nº 4436 SAN ANTONIO DE PADUA,2,5,35,1,GRAL. AQUINO,SAN PEDRO,COLONIA MBARETE,10000
ESC. BAS. Nº 2710,2,5,36,1,GRAL. AQUINO,SAN PEDRO,JHUGUA GUAZU,4335
ESC. BAS. Nº 4966 "SAGRADA FAMILIA",2,5,37,1,GRAL. AQUINO,SAN PEDRO,BºSAGRADA FAMILIA,10000
MINISTERIO DE EDUCACION Y CULTO,2,5,40,1,GRAL. AQUINO,SAN PEDRO,YETYTY,9961
ESC. BAS. Nº 1882 DON FRANCISCO CABALLERO L.,2,5,41,1,GRAL. AQUINO,SAN PEDRO,COLONIA,7840
ESC. BAS. Nº 1760,2,5,42,1,GRAL. AQUINO,SAN PEDRO,CNIA.ñANDEYARA,8713
ESC. BAS. Nº 1947 CALLE SAN FRANCISCO,2,5,43,1,GRAL. AQUINO,SAN PEDRO,CALLE SAN FRANCISCO,5000
ESC. BAS. Nº 978,2,5,44,1,GRAL. AQUINO,SAN PEDRO,GRAL.AQUINO,10000
COLEGIO NACIONAL,2,5,45,1,GRAL. AQUINO,SAN PEDRO,COL.JHURUJHEI,7458
ESC.NAC. DE COMERCIO,2,5,46,1,GRAL. AQUINO,SAN PEDRO,SANTA CLARA,3856
ESC. BAS. Nº 1946 Y COLEGIO NACIONAL MBARETE,2,5,47,1,GRAL. AQUINO,SAN PEDRO,COL.MBARETE,10000
ESC. BAS. Nº 99 GRAL E. AQUINO,2,5,48,1,GRAL. AQUINO,SAN PEDRO,GRAL. AQUINO,9916
ESC. BAS. Nº 1883,2,5,49,1,GRAL. AQUINO,SAN PEDRO,COL.GRAL.AQUINO,5483
ESC. BAS. Nº 2946,2,5,50,1,GRAL. AQUINO,SAN PEDRO,COL.ÑANDE YARA,87062408
ESC. BAS. Nº 6612,2,5,51,1,GRAL. AQUINO,SAN PEDRO,COL.YKUA PINDO,9600
ESC. BAS. Nº 1275,2,5,52,1,GRAL. AQUINO,SAN PEDRO,COL. GRAL. AQUINO,10000
ESC. BAS. Nº 1948,2,5,53,1,GRAL. AQUINO,SAN PEDRO,COL.YETYTY- PU,15544
ESC. BAS. Nº 4424,2,5,54,1,GRAL. AQUINO,SAN PEDRO,MUNICIPIO,8500
LIC.NAC. SANTO TOMAS,2,5,55,1,GRAL. AQUINO,SAN PEDRO,COL.GRAL. AQUINO,98480776
ESC. BAS. Nº 363,2,5,56,1,GRAL. AQUINO,SAN PEDRO,COL.GRAL.AQUINO-SANTA ROSA,10580
ESC. BAS. Nº 570,2,5,57,1,GRAL. AQUINO,SAN PEDRO,COL.GRAL. AQUINO-ARAZA PETY,122169416
ESC. BAS. Nº 2215,2,5,58,1,GRAL. AQUINO,SAN PEDRO,CÑIA SAN FRANCISCO,10000
ESC. BAS. Nº 4969 VIRGEN DEL ROSARIO,2,5,59,1,GRAL. AQUINO,SAN PEDRO,CHAMORRO CUE,10000
ESC. DEL LUGAR,2,5,60,1,GRAL. AQUINO,SAN PEDRO,COL.GRAL. AQUINO,109720328
COLEGIO NACIONAL DE GENERAL RESQUIN,2,6,1,1,GRAL. RESQUIN,SAN PEDRO,GRAL. R.I. RESQUIN,2500
ESC. BAS. Nº 997,2,6,2,1,GRAL. RESQUIN,SAN PEDRO,GRAL. F.I. RESQUIN,10200
LICEO NACIONAL SAN JOSE,2,6,3,1,GRAL. RESQUIN,SAN PEDRO,COL.SAN VICENTE 13 ZONA 3,10004
ESC. BAS. Nº 4517,2,6,4,1,GRAL. RESQUIN,SAN PEDRO,COL.YBYPE,9999
ESC. BAS. Nº 1610,2,6,5,1,GRAL. RESQUIN,SAN PEDRO,YBYPE,142992224
ESC. BAS. Nº 4491,2,6,6,1,GRAL. RESQUIN,SAN PEDRO,NARANJITO,10000
ESC. BAS. Nº 4484,2,6,7,1,GRAL. RESQUIN,SAN PEDRO,COL.NARANJITO,9000
ESC. BAS. Nº 2712,2,6,8,1,GRAL. RESQUIN,SAN PEDRO,SAN VICENTE,125093304
ESC. BAS. Nº 4494,2,6,9,1,GRAL. RESQUIN,SAN PEDRO,COL.SAN VICENTE,97936416
ESC. BAS. Nº 3057,2,6,10,1,GRAL. RESQUIN,SAN PEDRO,ESTRELLITA,199997136
ESC. BAS. Nº 4001 SAN JOSE,2,6,11,1,GRAL. RESQUIN,SAN PEDRO,SAN JOSE DEL NORTE,10000
ESC. BAS. Nº 4128,2,6,12,1,GRAL. RESQUIN,SAN PEDRO,SAN VICENTE,10144
ESC. BAS. Nº 5005,2,6,13,1,GRAL. RESQUIN,SAN PEDRO,SAN VICENTE,19717
ESC. BAS. Nº 4129,2,6,14,1,GRAL. RESQUIN,SAN PEDRO,SAN VICENTE,8848
COLEGIONAC.GRAL.MARCIAL SAMANIEGO,2,6,15,1,GRAL. RESQUIN,SAN PEDRO,COL.NARANJITO,5000
ESC. BAS. Nº 4497,2,6,16,1,GRAL. RESQUIN,SAN PEDRO,COL.SAN VICENTE,86436480
ESC. BAS. Nº 1692,2,6,17,1,GRAL. RESQUIN,SAN PEDRO,NARANJITO,18900
ESC. BAS. Nº 3625,2,6,18,1,GRAL. RESQUIN,SAN PEDRO,COL.SAN VICENTE,104039992
LICEO NACIONAL SAN LORENZO,2,6,19,1,GRAL. RESQUIN,SAN PEDRO,COL.NARANJITO,8000
COLEGIONAC. ROBERTO L. PETTIT,2,6,20,1,GRAL. RESQUIN,SAN PEDRO,COL.NARANJITO,99129232
ESC. BAS. Nº 4495 COSTA RICA,2,6,21,1,GRAL. RESQUIN,SAN PEDRO,COL.SAN VICENTE,10000
ESC. BAS. Nº 4496,2,6,22,1,GRAL. RESQUIN,SAN PEDRO,COL.SAN VICENTE,99901584
ESC,2,6,23,1,GRAL. RESQUIN,SAN PEDRO,COL.8 DE DICIEMBRE,93183376
SUPERVISION ESCOLAR ZONA 10,2,6,24,1,GRAL. RESQUIN,SAN PEDRO,MUNICIPIO,600
ESC. BAS. Nº 4504 LA CANDELARIA,2,6,25,1,GRAL. RESQUIN,SAN PEDRO,COL.ARA VERA,102407816
ESC. BAS. Nº 4503,2,6,26,1,GRAL. RESQUIN,SAN PEDRO,COL.ARA VERA,94804944
LIC.NAC. ESTRELLITA,2,6,27,1,GRAL. RESQUIN,SAN PEDRO,COL.ESTRELLITA,193946016
ESC. BAS. Nº 3728 LUIS M. MONTEBRUNO ALONSO,2,6,28,1,GRAL. RESQUIN,SAN PEDRO,CALLE 1 DE MAYO,5000
COLEGIO NACIONAL  GRAL. ISIDORO RESQUIN,2,6,29,1,GRAL. RESQUIN,SAN PEDRO,BARRIO VIRGEN DE FATIMA,1250
COLEGIO NACIONAL DE YHOAYJHU,2,7,1,1,GUAYAYBI,SAN PEDRO,REPATRIADOS DEL NORTE,10000
ESC. BAS. Nº 3470,2,7,2,1,GUAYAYBI,SAN PEDRO,COL.SANTO DOMINGO DEL CAPIIBARY,9237
ESC. BAS. Nº 2732,2,7,3,1,GUAYAYBI,SAN PEDRO,COLONIA SAN FRANCISCO.,4000
LICEO NACIONAL SAN JOSE,2,7,4,1,GUAYAYBI,SAN PEDRO,COLONIA EX-MATIAUDA,9984
ESC. BAS. Nº 3940 SAN RAFAEL,2,7,5,1,GUAYAYBI,SAN PEDRO,EX-MATIAUDA,3929
LICEO SANTO DOMINGO DEL CAPIIBARY,2,7,6,1,GUAYAYBI,SAN PEDRO,SANTO DOMINGO DEL CAPIIBARY,10100
ESC. BAS. Nº 2748,2,7,7,1,GUAYAYBI,SAN PEDRO,COLONIA DEFENSORES DEL CHACO,9373
LIC.NAC.JUAN DE ZALAZAR Y ESPINOZA,2,7,8,1,GUAYAYBI,SAN PEDRO,CñIA.SAN PEDRO,9100
LICEO NACIONAL SANTA CLARA,2,7,9,1,GUAYAYBI,SAN PEDRO,CNIA.YOAYHU,100002496
ESC. BAS. Nº 2550 HEROES DEL CHACO,2,7,10,1,GUAYAYBI,SAN PEDRO,COL.YOAIJHY BARRIO NAVIDAD,4000
ESC. BAS. Nº 2550 HEROES DEL CHACO,2,7,10,2,GUAYAYBI,SAN PEDRO,COL.YOAIJHY-BARRIO NAVIDAD,4000
ESC. BAS. Nº 3875 SAN RAMON,2,7,11,1,GUAYAYBI,SAN PEDRO,GUAYAIBI,9999
ESC. BAS. Nº 3876 SAN FRANCISCO DE ASIS,2,7,12,1,GUAYAYBI,SAN PEDRO,COL.DEFENSORES DEL CHACO,10000
ESC. BAS. Nº 4801 NTA.SRA DE LOURDES,2,7,13,1,GUAYAYBI,SAN PEDRO,COL. DEFENSORES DEL CHACO,6000
ESC. BAS. Nº 2747,2,7,14,1,GUAYAYBI,SAN PEDRO,COL. DEFENSORES DEL CHACO,10000
ESC. BAS. Nº 2559,2,7,15,1,GUAYAYBI,SAN PEDRO,COL.VICTOR VASCONSELLOS,99813640
ESC. BAS. Nº 2694 CALLE 4000,2,7,16,1,GUAYAYBI,SAN PEDRO,COL. DEF DEL CHACO-3RA. FRACCION,10000
ESC. BAS. Nº 2733,2,7,17,1,GUAYAYBI,SAN PEDRO,COL.DEF CHACO CALLE 2000-Bº FATIMA,5040
ESC. BAS. Nº 2733,2,7,17,2,GUAYAYBI,SAN PEDRO,COL.DEF CHACO CALLE 2000-Bº FATIMA,4960
ESC. BAS. Nº 6169 SAN FRANCISCO DE ASIS,2,7,18,1,GUAYAYBI,SAN PEDRO,COL.TACURUTY,10011
ESC. BAS. Nº 3938,2,7,19,1,GUAYAYBI,SAN PEDRO,CÑIA. CARAYAO I,3500
ESC. BAS. Nº 4802,2,7,20,1,GUAYAYBI,SAN PEDRO,COL.DEF. DEL CHACO-CALLE SAN MARCOS,4000
ESC. BAS. Nº 2701 SAN LUIS,2,7,21,1,GUAYAYBI,SAN PEDRO,COL.SAN LUIS,165765
ESC. BAS. Nº 4747,2,7,22,1,GUAYAYBI,SAN PEDRO,COL.YOAJHU-CALLE 1 DE MARZO ESTE,10000
ESC. BAS. Nº 3833 DR. BLAS GARAY,2,7,23,1,GUAYAYBI,SAN PEDRO,CALLE 2000 TAVAI,10000
ESC. BAS. Nº 1480 MCAL. F. SOLANO LOPEZ,2,7,24,1,GUAYAYBI,SAN PEDRO,COLONIA DEFENSORES DEL CHACO,4200
ESC. BAS. Nº 1480 MCAL. F. SOLANO LOPEZ,2,7,24,2,GUAYAYBI,SAN PEDRO,COLONIA DEFENSORES DEL CHACO-SAN MIGUEL,5800
ESC. BAS. Nº 4804 SAN FELIPE,2,7,25,2,GUAYAYBI,SAN PEDRO,BARRIO SAN PEDRO,2000
ESC. BAS. Nº 1490 VICTORIA DE BOQUERON,2,7,26,2,GUAYAYBI,SAN PEDRO,BARRIO SAN PEDRO CALLE SAN MIGUEL,2500
ESC. BAS. Nº 3939 ALBARINO AÑASCO GARCIA,2,7,27,2,GUAYAYBI,SAN PEDRO,BARRIO DIOCESANO,10000
PROPIEDAD EN BOQUERON,2,8,1,1,ITACURUBI DEL ROSARIO,SAN PEDRO,BOQUERON,50000
ESC. BAS. Nº 1762,2,8,2,1,ITACURUBI DEL ROSARIO,SAN PEDRO,CAROLINA,4328
COLEGIO NAC. MCAL. FRANCISCO S. LOPEZ,2,8,3,1,ITACURUBI DEL ROSARIO,SAN PEDRO,ITACURUBI DEL ROSARIO,8542
COLEGIONAC.DR.G R. DE FRANCIA,2,8,4,1,ITACURUBI DEL ROSARIO,SAN PEDRO,AGUAPEY,9109
ESC. BAS. Nº 628 Y LIC.NAC.SAN ALFREDO,2,8,5,1,ITACURUBI DEL ROSARIO,SAN PEDRO,COL.SAN ALFREDO,12930
ESC. BAS. Nº 1997,2,8,6,1,ITACURUBI DEL ROSARIO,SAN PEDRO,COLONIA MBARETE,8000
ESC. BAS. Nº 1949,2,8,7,1,ITACURUBI DEL ROSARIO,SAN PEDRO,COLONIA ABDON CASTIGLIONI,9200
ESC. BAS. Nº 2217,2,8,8,1,ITACURUBI DEL ROSARIO,SAN PEDRO,BARRIO SAN JOSE,4068
ESC. BAS. Nº 4437,2,8,9,1,ITACURUBI DEL ROSARIO,SAN PEDRO,BARRIO SAN RAFAEL,2921
ESC. BAS. Nº 4432,2,8,10,1,ITACURUBI DEL ROSARIO,SAN PEDRO,COLONIA MBARETE,10000
ESC. BAS. Nº 1624,2,8,11,1,ITACURUBI DEL ROSARIO,SAN PEDRO,COLONIA RIO RUGUA,10000
ESC. BAS. Nº 1884,2,8,12,1,ITACURUBI DEL ROSARIO,SAN PEDRO,GRAL.JUAN A.CACERES,11000
ESC. BAS. Nº 2216,2,8,13,1,ITACURUBI DEL ROSARIO,SAN PEDRO,GRAL.AQUINO,99874352
ESC. BAS. Nº 2955,2,8,14,1,ITACURUBI DEL ROSARIO,SAN PEDRO,GRAL.E.AQUINO,72109344
ESC. BAS. Nº 1761,2,8,15,1,ITACURUBI DEL ROSARIO,SAN PEDRO,TUYANGO,5727
ESC. BAS. Nº 659,2,8,16,1,ITACURUBI DEL ROSARIO,SAN PEDRO,AGUAPEY,15931
ESC. BAS. Nº 2626,2,8,17,1,ITACURUBI DEL ROSARIO,SAN PEDRO,COL.RAMOS CUE,73306688
ESC. BAS. Nº 4438,2,8,18,1,ITACURUBI DEL ROSARIO,SAN PEDRO,COL. GRAL AQUINO,80869696
ESC. BAS. Nº 4965,2,8,19,1,ITACURUBI DEL ROSARIO,SAN PEDRO,CÑIA.CASTIGLIONI,5000
ESC. BAS. Nº 2627,2,8,20,1,ITACURUBI DEL ROSARIO,SAN PEDRO,COL.ABDON CASTIGLIONI,64009428
ESC. DE LA COMPAÑIA BARRERO,2,8,21,1,ITACURUBI DEL ROSARIO,SAN PEDRO,BARRERO,5000
ESC. BAS. Nº 637 PANCHITO LOPEZ,2,8,22,1,ITACURUBI DEL ROSARIO,SAN PEDRO,YCUA PINDO,8250
ESC. BAS. Nº 14848 NUESTRA SEÑORA DEL CARMEN,2,8,23,1,ITACURUBI DEL ROSARIO,SAN PEDRO,MUNICIPIO,648
ESC. BAS. Nº 2954,2,8,24,1,ITACURUBI DEL ROSARIO,SAN PEDRO,COL.NUCLEO RURAL-CAPILLA JHUGUÀ,10000
ESC. BAS. Nº 2954,2,8,24,2,ITACURUBI DEL ROSARIO,SAN PEDRO,COL.NUCLEO RURAL-CAPILLA JHUGUÀ,6972
ESC. BAS. Nº 232 PROF.MARCELINO MACHUCA M.,2,9,1,1,LIMA,SAN PEDRO,LIMA,48400
ESC. BAS. Nº 4483,2,9,2,1,LIMA,SAN PEDRO,COLONIA SUSANA LUGAR PALOMA,3500
ESC. BAS. Nº 6617,2,9,3,1,LIMA,SAN PEDRO,COL.MAYOR HERMOSA,4206845
ESC. BAS. Nº 2639 CARUMBEY,2,9,4,1,LIMA,SAN PEDRO,CARUMBEY,5041
ESC. BAS. Nº 1690 Y LIC.NAC.SGTO.F.MONTANIA,2,9,5,1,LIMA,SAN PEDRO,COLONIA MAYOR HERMOSA,20000
ESC. BAS. Nº 2275 COSTA PUCU,2,9,6,1,LIMA,SAN PEDRO,COLONIA MAYOR HERMOSA,4800
ESC. BAS. Nº 996,2,9,7,1,LIMA,SAN PEDRO,COLONIA MAYOR HERMOSA,10000
INSTITUTO DE FORMACION DOCENTE,2,9,8,1,LIMA,SAN PEDRO,LIMA,10000
ESC. BAS. Nº 2276,2,9,9,1,LIMA,SAN PEDRO,COLONIA MAYOR HERMOSA,10000
LICEO NACIONAL COSTA PUCU,2,9,10,1,LIMA,SAN PEDRO,LIMA,10000
ESC. BAS. Nº 3623,2,9,11,1,LIMA,SAN PEDRO,COL.PRIMAVERA,99999984
ESC. BAS. Nº 4517,2,9,12,1,LIMA,SAN PEDRO,COL. YBYPE,9999
ESC. BAS. Nº 2274,2,9,13,1,LIMA,SAN PEDRO,MUNICIPIO,13000
ESC. BAS. Nº 3624,2,9,14,1,LIMA,SAN PEDRO,CNIA.PRIMAVERA,10705
ESC. BAS. Nº 5002 NIÑOS MARTIRES DE ACOSTA ÑU,2,9,15,1,LIMA,SAN PEDRO,COL.PRIMAVERA,97641576
ESC. BAS. Nº 2273,2,9,16,1,LIMA,SAN PEDRO,COL.MAYOR HERMOSA,39376664
ESC. BAS. Nº 2273,2,9,16,2,LIMA,SAN PEDRO,COL.MAYOR HERMOSA-COSTA PUCU Nº 2,54784544
SUPERVISION ESCOLARA BASICA ZONA E,2,9,17,1,LIMA,SAN PEDRO,MUNICIPIO,1200
ESC,2,9,18,1,LIMA,SAN PEDRO,COL.PRIMAVERA,78558424
ESC. BAS. Nº 4516 SAN JOSE,2,9,19,1,LIMA,SAN PEDRO,COL. YBYPE,10000
LICEO NACIONAL DE YBYPE,2,9,20,1,LIMA,SAN PEDRO,COL. YBYPE,10000
ESC. BAS. Nº 4002 SAN FELIPE,2,9,21,1,LIMA,SAN PEDRO,COL. MAYOR HERMOSA,50069168
ESC. BAS. Nº 4519,2,9,22,1,LIMA,SAN PEDRO,COL.SANTA BARBARA,106812320
ESC,2,9,23,1,LIMA,SAN PEDRO,COL.NARANJITO,18300
COLEGIO NACIONAL MARIA AUXILIADORA,2,9,24,1,LIMA,SAN PEDRO,COL.PRIMAVERA,12706
ESC. BAS. Nº 3422,2,9,25,1,LIMA,SAN PEDRO,COL.PRIMAVERA,9364
ESC. BAS. Nº 4523,2,9,26,1,LIMA,SAN PEDRO,COL.PRIMAVERA,2500
ESC. BAS. Nº 4523,2,9,27,1,LIMA,SAN PEDRO,COL.PRIMAVERA,15344
COLEGIO NACIONAL SANTA ROSA,2,10,1,1,NUEVA GERMANIA,SAN PEDRO,COLONIA SANTA ROSA DEL AGUARAY,6692
ESC. BAS. Nº 995 Y COLEGIO NAC. ARROYO ATA,2,10,2,1,NUEVA GERMANIA,SAN PEDRO,COLONIA NUEVA GERMANIA,39947
COLEGIONAC. CORORO I,2,10,3,1,NUEVA GERMANIA,SAN PEDRO,COL.CORORO I,7977
ESC. BAS. Nº 2634,2,10,4,1,NUEVA GERMANIA,SAN PEDRO,COL.SANTA BARBARA,8610
ESC. BAS. Nº 236 Y COLEGIONAC.B.CABABALLERO,2,10,5,1,NUEVA GERMANIA,SAN PEDRO,MUNICIPIO,6721
ESC. BAS. Nº 236 Y COLEGIONAC.B.CABABALLERO,2,10,5,2,NUEVA GERMANIA,SAN PEDRO,MUNICIPIO,88556152
ESC. BAS. Nº 2636,2,10,6,1,NUEVA GERMANIA,SAN PEDRO,CÑIA. SANTA ROSA DEL AGUARAY,10000
ESC. BAS. Nº 3706,2,10,7,1,NUEVA GERMANIA,SAN PEDRO,ISLA SOLA,9742
ESC. BAS. Nº 6602,2,10,8,1,NUEVA GERMANIA,SAN PEDRO,RINCON,10000
ESC. BAS. Nº,2,10,9,1,NUEVA GERMANIA,SAN PEDRO,COL.CORORO I,7977
ESC. BAS. Nº 948 SANTA ROSA,2,10,10,1,NUEVA GERMANIA,SAN PEDRO,COL.STA.ROSA DEL AGUARAY,20910
ESC. BAS. Nº 3242,2,10,11,1,NUEVA GERMANIA,SAN PEDRO,SAN MIGUEL DEL NORTE,10000
ESC. BAS. Nº 2272,2,10,12,1,NUEVA GERMANIA,SAN PEDRO,COLONIA PROSPERIDAD,10000
ESC. BAS. Nº 5000 SAN JORGE,2,10,13,1,NUEVA GERMANIA,SAN PEDRO,COL.CORORO I,46889400
ESC. BAS. Nº 3243,2,10,14,1,NUEVA GERMANIA,SAN PEDRO,CORORO-I,7977
ESC. BAS. Nº 3548 CURUPAYTY,2,10,15,1,NUEVA GERMANIA,SAN PEDRO,COL.TAVA GUARANI,1
ESC. BAS. Nº 4513,2,10,16,1,NUEVA GERMANIA,SAN PEDRO,COLONIA CORORO I,8897
ESC. BAS. Nº 2633,2,10,17,1,NUEVA GERMANIA,SAN PEDRO,COL.NUEVA GERMANIA-COROROI,12746
ESC. BAS. Nº 4130 PROF EULOGIA DE SALDIVAR,2,10,18,1,NUEVA GERMANIA,SAN PEDRO,COL.CORORO I,99254616
MEC.,2,10,19,1,NUEVA GERMANIA,SAN PEDRO,COL.COROROI-LOMA PUCU,9200
ESC. BAS. Nº 4512,2,10,20,1,NUEVA GERMANIA,SAN PEDRO,COL.COROROI-2ºLINEA,9939
LIC.NAC. SANTA BARBARA,2,10,21,1,NUEVA GERMANIA,SAN PEDRO,COL.SANTA BARBARA PU,100519224
ESC. BAS. Nº 4520,2,10,22,1,NUEVA GERMANIA,SAN PEDRO,COLONIA SANTA BARBARA,10728
ESC. BAS. Nº 5923,2,10,23,1,NUEVA GERMANIA,SAN PEDRO,B° SAN FRANCISCO-COL.STA.ROSA DEL A,4000
ESC. BAS. Nº 3621,2,10,24,1,NUEVA GERMANIA,SAN PEDRO,COL.SANTA LIBRADA,96951664
ESC. DEL LUGAR,2,10,25,1,NUEVA GERMANIA,SAN PEDRO,COL.SANTA BARBARA-MBOREBI,138887968
ESC. BAS. Nº 3999,2,10,27,1,NUEVA GERMANIA,SAN PEDRO,COL.SANTA BARBARA,277694976
ESC. BAS. Nº 5001,2,10,28,1,NUEVA GERMANIA,SAN PEDRO,COL.SANTA BARBARA,99178440
ESC. BAS. Nº 3622,2,10,29,1,NUEVA GERMANIA,SAN PEDRO,COL.SAN MIGUEL DEL NORTE,98999648
ESC. BAS. Nº 100 REPUBLICA DE COLOMBIA Y COLEGIO NACIONAL GRAL. BERNARDINO CABA,2,11,1,1,VILLA DEL ROSARIO,SAN PEDRO,VILLA DEL ROSARIO,12800
COLEGIO NACIONAL DE VILLA DEL ROSARIO,2,11,2,1,VILLA DEL ROSARIO,SAN PEDRO,VILLA DEL ROSARIO,26345
ESC. BAS. Nº 3461 Y ESC.NAC.COMERCIO CUAREPOTY,2,11,3,1,VILLA DEL ROSARIO,SAN PEDRO,VILLA DEL ROSARIO,7995
M.E.C.,2,11,4,1,VILLA DEL ROSARIO,SAN PEDRO,VILLA DEL ROSARIO,5000
COLEGIO NACIONAL DE SAN JOSE DEL ROSARIO,2,11,5,1,VILLA DEL ROSARIO,SAN PEDRO,VILLA DEL ROSARIO,9890
ESC. BAS. Nº 753,2,11,6,1,VILLA DEL ROSARIO,SAN PEDRO,BARRIO SAN JOSE,9930
ESC. BAS. Nº 3460,2,11,7,1,VILLA DEL ROSARIO,SAN PEDRO,SAN JOSE DEL ROSARIO,3375
SUPERVISIÓN SECUNDARIA ZONA B,2,11,8,1,VILLA DEL ROSARIO,SAN PEDRO,PUERTO ROSARIO,240
ESC. BAS. Nº 1996,2,11,9,1,VILLA DEL ROSARIO,SAN PEDRO,CNIA.ELIZARDO AQUINO,2281
ESC. BAS. Nº 1805,2,11,10,1,VILLA DEL ROSARIO,SAN PEDRO,COLONIA JHUGUA GUAZU,9997
ESC. BAS. Nº 1805,2,11,10,2,VILLA DEL ROSARIO,SAN PEDRO,JHUGUA GUAZU,9997
ESC. BAS. Nº 976,2,11,12,1,VILLA DEL ROSARIO,SAN PEDRO,GRAL.E.AQUINO,11905
ESC. BAS. Nº 4422,2,11,13,1,VILLA DEL ROSARIO,SAN PEDRO,BºINMACULADA CONCEPCION,10000
ESC. BAS. Nº 33 DON CARLOS A. LOPEZ,2,11,14,1,VILLA DEL ROSARIO,SAN PEDRO,MUNICIPIO,9910
ESC. BAS. Nº 1620,2,11,15,1,VILLA DEL ROSARIO,SAN PEDRO,COL.SEGUNDA RECONSTRUCCION,10000
ESC. BAS. Nº 1995,2,11,17,1,VILLA DEL ROSARIO,SAN PEDRO,COL.SEGUNDA RECONSTRUCCIÓN PU,51237984
ESC. BAS. Nº 629 CARLOS A. LOPEZ,2,11,18,1,VILLA DEL ROSARIO,SAN PEDRO,SAN JOSE DEL ROSARIO,161415
ESC. BAS. Nº 3461 CLARA GALEANO,2,11,19,1,VILLA DEL ROSARIO,SAN PEDRO,MUNICIPIO,8000
ESC. BAS. Nº 446 DR. ROQUE ENCINA,2,11,20,1,VILLA DEL ROSARIO,SAN PEDRO,PUERTO MI,3200
COLEGIO NACIONAL DEFENSORES DEL CHACO,2,12,1,1,SAN ESTANISLAO,SAN PEDRO,GUAYAYVU,15000
ESC. BAS. Nº 2730,2,12,2,1,SAN ESTANISLAO,SAN PEDRO,COLONIA DEFENSORES DEL CHACO,10000
ESC. BAS. Nº 1488 DON ANGEL MARIA ROJAS SOSA Y SUPERVISION AP.TEC.PED. ZONA 21,2,12,3,1,SAN ESTANISLAO,SAN PEDRO,COLONIA DEFENSORES DEL CHACO,15000
ESC. BAS. Nº 1478 JUANA P.CARRILLO Y LIC.NAC.,2,12,4,1,SAN ESTANISLAO,SAN PEDRO,COLONIA ORIENTAL,10000
ESC. BAS. Nº 1477 CORONEL PANCHITO LOPEZ,2,12,5,1,SAN ESTANISLAO,SAN PEDRO,COLONIA COSTA PUCU E ITATAPYBE,10000
ESC. BAS. Nº 1477 CORONEL PANCHITO LOPEZ,2,12,5,2,SAN ESTANISLAO,SAN PEDRO,COLONIA COSTA PUCU E ITATAPYBE,10000
ESC. BAS. Nº 568 Y LIC.NAC.VACA JHU,2,12,6,1,SAN ESTANISLAO,SAN PEDRO,COLONIA VACA JHU,34002
M.E.C.,2,12,8,1,SAN ESTANISLAO,SAN PEDRO,COLONIA CHORE,40000
ESC. BAS. Nº 657 CRUCE LIBERACION,2,12,9,1,SAN ESTANISLAO,SAN PEDRO,COLONIA GUAYAIBY,14000
ESC. BAS. Nº 1494 Y COLEGIONAC.CRUECE LIBERACION,2,12,10,1,SAN ESTANISLAO,SAN PEDRO,COLONIA CO E PYTA,30000
M.E.C.,2,12,11,1,SAN ESTANISLAO,SAN PEDRO,SAN ESTANISLAO,9078
COLEGIO NACIONAL DOMINGO SAVIO,2,12,12,1,SAN ESTANISLAO,SAN PEDRO,COLONIA DEFENSORES DEL CHACO,3000
ESC. BAS. Nº 3039 "DON PEDRO ZUCOLILLO",2,12,13,1,SAN ESTANISLAO,SAN PEDRO,COL.1 DE MARZO,10000
ESC. BAS. Nº 1471 "CARLOS VILLAR",2,12,14,1,SAN ESTANISLAO,SAN PEDRO,YHU RUGUA,10000
ESC. BAS. Nº 1472 Y LIC.NAC.CALLE 4000 BERTON,2,12,15,1,SAN ESTANISLAO,SAN PEDRO,COLONIA DEFENSORES DEL CHACO,10000
ESC. BAS. Nº 2556,2,12,16,1,SAN ESTANISLAO,SAN PEDRO,COLONIA EX MATIAUDA,12250
ESC. BAS. Nº 1495,2,12,17,1,SAN ESTANISLAO,SAN PEDRO,ITA CUATIA,10000
ESC. BAS. Nº 3071,2,12,18,1,SAN ESTANISLAO,SAN PEDRO,COLONIA NOVIRETA CUE,32000
ESC. BAS. Nº 1470 "MCAL.JOSE F. ESTIGARRIBIA",2,12,19,1,SAN ESTANISLAO,SAN PEDRO,SAN ESTANISLAO,5000
ESC. BAS. Nº 4053,2,12,20,1,SAN ESTANISLAO,SAN PEDRO,VY A RENDA,10000
ESC. BAS. Nº 639 Y LIC.NAC.DE TACUARA,2,12,21,1,SAN ESTANISLAO,SAN PEDRO,TACUARAS,15000
ESC. BAS. Nº 4974 DON BRISSIO VERA LOPEZ,2,12,22,1,SAN ESTANISLAO,SAN PEDRO,PUNTA SUERTE,10000
ESC. BAS. Nº 2745 TAVA I Y LIC.PROF.AÑAZCO,2,12,24,1,SAN ESTANISLAO,SAN PEDRO,COLONIA DEFENSORES DEL CHACO,10000
LICEO NACIONAL MCAL. FRANCISCO S. LOPEZ,2,12,25,1,SAN ESTANISLAO,SAN PEDRO,SAN ESTANISLAO,15257
ESC. BAS. Nº 2823,2,12,26,1,SAN ESTANISLAO,SAN PEDRO,ARROYO MOROTI,5000
INSTITUTO DE FORMACION DOCENTE,2,12,28,1,SAN ESTANISLAO,SAN PEDRO,SAN ESTANISLAO,40541
ESC. BAS. Nº 2693 DEFENSORES DEL CHACO,2,12,29,1,SAN ESTANISLAO,SAN PEDRO,COLONIA DEFENSORES DEL CHACO,8000
ESC. BAS. Nº 32 CARLOS ANTONIO LOPEZ  Y  COLEGIO NACIONAL JUAN E. O`LEARY,2,12,30,1,SAN ESTANISLAO,SAN PEDRO,SAN ESTANISLAO,4077
ESC. BAS. Nº 2737 NICANOR BRUGUEZ,2,12,31,1,SAN ESTANISLAO,SAN PEDRO,COLONIA COSTA PUCU E ITAPEBY,9972
ESC. BAS. Nº 2845,2,12,32,1,SAN ESTANISLAO,SAN PEDRO,VY A RENDA,31500
ESC. BAS. Nº 3772 VIRGEN DE FATIMA,2,12,34,1,SAN ESTANISLAO,SAN PEDRO,SAN ESTANISLAO,1153
M.E.C.,2,12,35,1,SAN ESTANISLAO,SAN PEDRO,SANTA BARBARA,10000
ESC. BAS. Nº 2752,2,12,36,1,SAN ESTANISLAO,SAN PEDRO,SAN ESTANISLAO,10000
ESC. BAS. Nº 4528 MCAL JOSE FELIX ESTIGARRIBIA,2,12,37,1,SAN ESTANISLAO,SAN PEDRO,CAPI IBARY,3600
M.E.C.,2,12,38,1,SAN ESTANISLAO,SAN PEDRO,COLONIA EX FELIPE MATIAUDA,21600
ESC. BAS. Nº 1763,2,12,39,1,SAN ESTANISLAO,SAN PEDRO,COLONIA  25 DE DICIEMBRE,65000
ESC. BAS. SAN FELIPE,2,12,40,1,SAN ESTANISLAO,SAN PEDRO,PUNTA SUERTE,10000
COLEGIO NACIONAL DE TACUARA,2,12,41,1,SAN ESTANISLAO,SAN PEDRO,TACUARA,15010
COLEGIO NACIONAL EMILIO GOMEZ ZELADA,2,12,42,1,SAN ESTANISLAO,SAN PEDRO,COLONIA 25 DE DICIEMBRE,10000
ESC. BAS. Nº 1495,2,12,43,1,SAN ESTANISLAO,SAN PEDRO,ITA CUATIA,10000
ESC. BAS. Nº 3035 1º DE MAYO,2,12,44,1,SAN ESTANISLAO,SAN PEDRO,CAPIIBARY,3997
ESC. BAS. Nº 1493,2,12,45,1,SAN ESTANISLAO,SAN PEDRO,COL.REPATRIADOS DEL NORTE,20000
ESC. BAS. Nº 4057,2,12,46,1,SAN ESTANISLAO,SAN PEDRO,COL.GRAL. P.ESCOBAR-FORTUNA,7947
ESC. BAS. Nº 1481,2,12,47,1,SAN ESTANISLAO,SAN PEDRO,COL.SAN FRANCISCO-EX PENNER,10000
ESC. BAS. Nº 3944,2,12,48,1,SAN ESTANISLAO,SAN PEDRO,COL.STA.TERESA-CALLE 10.000 BERTONI,5000
ESC. BAS. Nº 3471,2,12,49,1,SAN ESTANISLAO,SAN PEDRO,COL.STO.D.DEL CAPIIBARY-8 DE DICIMB,13800
M.E.C.,2,12,50,1,SAN ESTANISLAO,SAN PEDRO,COL.SAN ISIDRO,9635
COLEGIONAC. Bº SAN PEDRO,2,12,51,1,SAN ESTANISLAO,SAN PEDRO,EX MATIAUDA,10360
ESC. BAS. Nº 2793,2,12,52,1,SAN ESTANISLAO,SAN PEDRO,COL. PATRICIO ESCOBAR-CERRO VERDE,10000
ESC. BAS. Nº 2793,2,12,52,2,SAN ESTANISLAO,SAN PEDRO,COL.PATRICIO ESCOBAR-CERRO VERDE,10000
ESC. BAS. Nº 4977 SAN ROQUE GONZALEZ DE SANTA CRUZ,2,12,53,1,SAN ESTANISLAO,SAN PEDRO,,2522
COLEGIO NACIONAL 1ª DE MAYO.,2,12,54,1,SAN ESTANISLAO,SAN PEDRO,FRACCION 26 DE FEBRERO,10000
M.E.C,2,12,55,1,SAN ESTANISLAO,SAN PEDRO,COL.NOVIRETA CUE,2000
ESC. BAS. Nº 1479 MCAL.FRANCISCO S.LOPEZ,2,12,56,1,SAN ESTANISLAO,SAN PEDRO,COLONIA DEFENSORES DEL CHACO,5000
ESC. BAS. Nº 4420,2,12,57,1,SAN ESTANISLAO,SAN PEDRO,COLONIA MOISES BERTONI.,5000
M.E.C,2,12,58,1,SAN ESTANISLAO,SAN PEDRO,CÑIA.SANTO DOMINGO DEL CAPIIBARY,9999
ESC. BAS. Nº 3274,2,12,59,1,SAN ESTANISLAO,SAN PEDRO,COLONIA VACA JHU,10000
ESC. BAS. Nº 2731,2,12,60,1,SAN ESTANISLAO,SAN PEDRO,SAN ESTANISLAO,10000
ESC. BAS. Nº 2934 DON IDILIO CASTIGLIONI NUÑEZ Y COLEGIO NACIONAL AMISTAD,2,12,61,1,SAN ESTANISLAO,SAN PEDRO,COLONIA AMISTAD,10000
ESC. BAS. Nº 3774,2,12,62,1,SAN ESTANISLAO,SAN PEDRO,MONTE ALTO,10000
ESC. BAS. Nº 2742 NAZARETH,2,12,63,1,SAN ESTANISLAO,SAN PEDRO,MONTE ALTO,9150
ESC. BAS. Nº 2792 SAN NICOLAS,2,12,64,1,SAN ESTANISLAO,SAN PEDRO,COL.PATRICIO ESCOBAR,9987
ESC. BAS. Nº 2734 SAN ISIDRO LABRADOR,2,12,65,1,SAN ESTANISLAO,SAN PEDRO,SAN FRANCISCO,7000
ESC. BAS. Nº 4060 Y LIC.NAC.SANTA TERESA,2,12,66,1,SAN ESTANISLAO,SAN PEDRO,SANTA TERESA,9975
ESC. BAS. Nº 657,2,12,67,1,SAN ESTANISLAO,SAN PEDRO,COL.DEFENSORES DEL CHACO,10000
ESC. BAS. Nº 2502,2,12,68,1,SAN ESTANISLAO,SAN PEDRO,ZONA A,7125
ESC. BAS. Nº 1682,2,12,69,1,SAN ESTANISLAO,SAN PEDRO,GUAVIRA,5000
ESC. BAS. Nº 2481 "MCAL.F.S.LOPEZ,2,12,70,1,SAN ESTANISLAO,SAN PEDRO,CAPIIBARY,2707
ESC. BAS. Nº 2481 "MCAL.F.S.LOPEZ,2,12,70,2,SAN ESTANISLAO,SAN PEDRO,CAPIIBARY,2707
ESC. BAS. Nº 4051,2,12,71,1,SAN ESTANISLAO,SAN PEDRO,COL.DEDFENSORES DEL CHACO,10000
ESC. BAS. Nº 4415,2,12,72,1,SAN ESTANISLAO,SAN PEDRO,CñIA.SAN FRANCISCO,10000
ESC. BAS. Nº 1681,2,12,73,1,SAN ESTANISLAO,SAN PEDRO,COL.ALMEIDA CUE,8875
M.E.C.,2,12,74,1,SAN ESTANISLAO,SAN PEDRO,COL.DEFENSORES DEL CHACO,10000
LIC.NAC.SAN NICOLAS,2,12,75,1,SAN ESTANISLAO,SAN PEDRO,PATRICIO ESCOBAR,7009
ESC. BAS. Nº 4984,2,12,77,1,SAN ESTANISLAO,SAN PEDRO,REPATRIADOS DEL NORTE,10000
M.E.C.,2,12,78,1,SAN ESTANISLAO,SAN PEDRO,COL.DEFENSORES DEL CHACO,5000
ESC. BAS. Nº 569 Y LIC.NAC.SAN JORGE,2,12,79,1,SAN ESTANISLAO,SAN PEDRO,BºSAN JORGE,7500
ESC. BAS. Nº 4062,2,12,80,1,SAN ESTANISLAO,SAN PEDRO,DEFENSORES DEL CHACO,9990
ESC. BAS. Nº 1888 MAURICIO J.TROCHE,2,12,81,1,SAN ESTANISLAO,SAN PEDRO,REPATRIADOS DEL NORTE,7500
ESC. BAS. Nº 2694,2,12,83,1,SAN ESTANISLAO,SAN PEDRO,COL.DEFENSORES DEL CHACO,10000
ESC. BAS. Nº 3369,2,12,84,1,SAN ESTANISLAO,SAN PEDRO,COLONIA DEFENSORES DEL CHACO,3200
M.E.C.,2,12,85,1,SAN ESTANISLAO,SAN PEDRO,VACA JHU,10000
LICEO NACIONAL INMACULADA CONCEPCION,2,12,86,1,SAN ESTANISLAO,SAN PEDRO,CARANDAYTY,10000
ESC. BAS. Nº 1678 Y COLEGIO NACIONAL JHUGUA POTI,2,12,87,1,SAN ESTANISLAO,SAN PEDRO,JHUGUA POTI,10000
ESC. BAS. Nº 178 EMILIO GOMEZ Z.Y COLEGIO NACIONAL Y SUPERVISION ATP. ZONA 15 REGI,2,12,88,1,SAN ESTANISLAO,SAN PEDRO,TAVAI,10000
ESC. BAS. Nº 1469,2,12,89,1,SAN ESTANISLAO,SAN PEDRO,SAN JOSE,10000
COLEGIONAC.DEFENSORES DEL CHACO,2,12,90,1,SAN ESTANISLAO,SAN PEDRO,COL.DEFENSORES DEL CHACO,9000
ESC. BAS. Nº 3941,2,12,91,1,SAN ESTANISLAO,SAN PEDRO,COL.MOISES BERTONI,10000
ESC. BAS. Nº 357 CNEL.ZOILO GONZALEZ,2,12,92,1,SAN ESTANISLAO,SAN PEDRO,SAN ESTANISLAO,9894
ESC. BAS. Nº 3876,2,12,93,1,SAN ESTANISLAO,SAN PEDRO,COLONIA,8000
ESC. BAS. Nº 1693 "ADELA SPERATTI",2,12,94,1,SAN ESTANISLAO,SAN PEDRO,Bº SAN JOSE ALMEIDA,10000
ESC. BAS. Nº 2821 TTE.CNEL.FULGENCIO YEGROS,2,12,95,1,SAN ESTANISLAO,SAN PEDRO,CALLE 2.000,9600
ESC. BAS. Nº 4981 OLEGARIO BENITEZ,2,12,96,1,SAN ESTANISLAO,SAN PEDRO,CALLE SAN MIGUEL,10000
ESC. BAS. Nº 3072,2,12,97,1,SAN ESTANISLAO,SAN PEDRO,1ºCOTA TAPIRACUAI,2000
ESC. BAS. Nº 3069 Y LIC.NAC. VIRGEN DE FATIMA,2,12,98,1,SAN ESTANISLAO,SAN PEDRO,YATAITY,19164
ESC. BAS. Nº 3877 Y LIC.NAC.SAN RAMON,2,12,99,1,SAN ESTANISLAO,SAN PEDRO,COL.VICTOR VASCONSELLOS,12000
ESC. BAS. Nº 2585 Y LIC.NAC.DR.MOISES S.BERTONI,2,12,100,1,SAN ESTANISLAO,SAN PEDRO,SAN ESTANISLAO,9600
ESC. BAS. Nº 3469,2,12,101,1,SAN ESTANISLAO,SAN PEDRO,COLONIA LUZ BELLA,10000
ESC. BAS. Nº 2480 GRAL.B.CABALLERO Y COLEGIONAC.,2,12,102,1,SAN ESTANISLAO,SAN PEDRO,CAPIIBARY,5000
M.E.C.,2,12,103,1,SAN ESTANISLAO,SAN PEDRO,COLONIA YBU PORA,9998
ESC. BAS. Nº 2736,2,12,104,1,SAN ESTANISLAO,SAN PEDRO,COLONIA NOVIRETA CUE,9988
ESC. BAS. Nº 3029 MANUEL ORTIZ GUERRERO,2,12,105,1,SAN ESTANISLAO,SAN PEDRO,CAPIIBARY,9999
LICEO NACIONAL DE SAN VICENTE,2,12,106,1,SAN ESTANISLAO,SAN PEDRO,VYA RENDA,10000
ESC. BAS. Nº 1686 LIC.NAC.ESTADOS UNIDOS,2,12,107,1,SAN ESTANISLAO,SAN PEDRO,MUNICIPIO,5000
ESC. BAS. Nº 1686 Y LIC.NAC. ESTADOS UNIDOS,2,12,107,2,SAN ESTANISLAO,SAN PEDRO,CALLE 6000 - BERTONI,5000
ESC. BAS. Nº 2692,2,12,108,1,SAN ESTANISLAO,SAN PEDRO,COLONIA DEFENSORES DEL CHACO,5000
ESC. BAS. Nº 2937,2,12,109,1,SAN ESTANISLAO,SAN PEDRO,CNIA.DEFENSORES DEL CHACO,8000
SUPERVISION DE APOYO TECNICO PEDAGOGICO ZONA 21,2,12,110,1,SAN ESTANISLAO,SAN PEDRO,MUNICIPIO,4810
ESC. BAS. Nº 2846 VIRGEN DE LOURDES,2,12,111,1,SAN ESTANISLAO,SAN PEDRO,BºVIRGEN DE LOURDES,2344
ESC. BAS. Nº 4985 SAGRADO CORAZON DE JESUS,2,12,112,1,SAN ESTANISLAO,SAN PEDRO,YOHAIJHU,9000
ESC. BAS. Nº 1685 Y LIC.NAC. CALLE 8000 MB,2,12,113,1,SAN ESTANISLAO,SAN PEDRO,STA.TERESA,10000
MINISTERIO DE EDUACACION Y CULTO,2,12,114,1,SAN ESTANISLAO,SAN PEDRO,STA.TERESA,2098
ESC. BAS. Nº 14116,2,12,115,1,SAN ESTANISLAO,SAN PEDRO,SAN ISIDRO DEL NORTE,6999
ESC. BAS. Nº 4066,2,12,116,1,SAN ESTANISLAO,SAN PEDRO,SAN ISIDRO DEL NORTE,9994
ESC. BAS. Nº 4065,2,12,117,1,SAN ESTANISLAO,SAN PEDRO,SAN ISIDRO DEL NORTE,9999
ESC. BAS. Nº 4068,2,12,118,1,SAN ESTANISLAO,SAN PEDRO,SAN ISIDRO DEL NORTE,9874
ESC. BAS. Nº 2933,2,12,119,1,SAN ESTANISLAO,SAN PEDRO,YBU PORA,10000
ESC. BAS. Nº 4067,2,12,120,1,SAN ESTANISLAO,SAN PEDRO,SAN ISIDRO DEL NORTE,9999
ESC. BAS. Nº 6626,2,12,121,1,SAN ESTANISLAO,SAN PEDRO,SAN ISIDRO DEL NORTE,20000
ESC.BAS.CNIA YBU PORA,2,12,122,1,SAN ESTANISLAO,SAN PEDRO,YBU PORA,10000
ESC. BAS. Nº 2551,2,12,123,1,SAN ESTANISLAO,SAN PEDRO,COL.REP.DEL NORTE,10000
ESC. BAS. Nº 2938,2,12,124,1,SAN ESTANISLAO,SAN PEDRO,SAN ISIDRO DEL NORTE,8887
ESC. BAS. Nº 4055,2,12,125,1,SAN ESTANISLAO,SAN PEDRO,GRAL.PATRICIO ESCOBAR,9293
ESC. BAS. Nº 2933,2,12,126,1,SAN ESTANISLAO,SAN PEDRO,COLONIA YBY PORA,9000
ESC. BAS. Nº 4063,2,12,127,1,SAN ESTANISLAO,SAN PEDRO,COLONIA YBY-PORA,7500
ESC. BAS. Nº 3945,2,12,128,1,SAN ESTANISLAO,SAN PEDRO,COLONIA YBY-PORA,10000
ESC. BAS. Nº 2935,2,12,129,1,SAN ESTANISLAO,SAN PEDRO,COLONIA YBY PORA,5000
ESC. BAS. Nº 2936,2,12,130,1,SAN ESTANISLAO,SAN PEDRO,COLONIA YBY-PORA - NARANJATY,99987472
ESC. DE LA COLEGIO PATRICIO ESCOBAR,2,12,131,1,SAN ESTANISLAO,SAN PEDRO,COL.PATRICIO ESCOBAR,98480760
ESC. BAS. Nº 2553 CALLE 2º.LINEA,2,12,132,1,SAN ESTANISLAO,SAN PEDRO,COLONIA YOHAIJHU,5000
ESC. BAS. Nº 1874 CNEL.VICENTE MONGELOS, SUPERVSION DE APOYO TEC, PEDAGO,2,12,133,1,SAN ESTANISLAO,SAN PEDRO,,10000
ESC. BAS. Nº 3943 SAN ANTONIO,2,12,134,1,SAN ESTANISLAO,SAN PEDRO,CNIA.SANTA TERESA,10320
ESC. BAS. Nº 4049,2,12,135,1,SAN ESTANISLAO,SAN PEDRO,SAN RAMON,11383
ESC. BAS. Nº 4049,2,12,135,2,SAN ESTANISLAO,SAN PEDRO,SAN RAMON,11383
ESC..BAS.Nº 627 Y LIC.NAC. MARIA AUXILIADORA,2,12,136,1,SAN ESTANISLAO,SAN PEDRO,MARIA AUXILIADORA,10000
ESC. BAS. Nº 1489,2,12,137,1,SAN ESTANISLAO,SAN PEDRO,ALMEIDA CENTRICA,0
ESC. BAS. Nº 18817 YOYBY,2,12,138,1,SAN ESTANISLAO,SAN PEDRO,YOYBY,10000
M.E.C.,2,12,140,1,SAN ESTANISLAO,SAN PEDRO,CALLE ARROYENSE Bº SAN JOSE,10000
ESC. BAS. Nº 1497 12 DE JUNIO,2,12,141,1,SAN ESTANISLAO,SAN PEDRO,12 DE JUNIIO,9910
FUTURO LOCAL ESCOLAR,2,12,142,1,SAN ESTANISLAO,SAN PEDRO,CÑIA. NOVIRETA,9888
ESC. BAS. Nº 4533 TAYU POTY,2,12,143,1,SAN ESTANISLAO,SAN PEDRO,COLONIA ARA PYAJHU,10000
ESC. BAS. Nº 4531 Y COLEGIO NACIONAL VIRGEN DEL CARMEN,2,12,144,1,SAN ESTANISLAO,SAN PEDRO,COLONIA ARA PYAJHU,10000
ESC. BAS. Nº 4059,2,12,145,1,SAN ESTANISLAO,SAN PEDRO,COL. PATRICIO ESCOBAR,10000
ESC. BAS. Nº 2557 PADRE JOSE FELIX GONZALEZ Y LICEO NACIONAL LUZ BELLA,2,12,146,1,SAN ESTANISLAO,SAN PEDRO,COL.LUZ BELLA,10000
ESC. BAS. Nº 2845,2,12,148,1,SAN ESTANISLAO,SAN PEDRO,COL.SAN RAMON-PALOMITA,49999688
ESC. BAS. Nº 4058 SAN ROQUE,2,12,149,1,SAN ESTANISLAO,SAN PEDRO,COL.GRAL. PATRICIO ESCOBAR,9848
ESC. BAS. Nº 2821 TTE.CNEL.FULGENCIO YEGROS,2,12,150,1,SAN ESTANISLAO,SAN PEDRO,COL.DEF.DEL CHACO-CALLE 12000,2400
ESC. BAS. Nº 3697,2,12,152,1,SAN ESTANISLAO,SAN PEDRO,COL.SAN JOSE OBRERO-SAN ISIDRO,10354
LIC.NAC. NUEVA ALIANZA,2,12,153,1,SAN ESTANISLAO,SAN PEDRO,COMPAÑIA NUEVA ALIANZA,10000
LICEO NACIONAL SAN IDRO DEL NORTE,2,12,154,1,SAN ESTANISLAO,SAN PEDRO,COL.SAN ISIDRO DEL NORTE,6400
ESC. BAS. Nº 4064 SAN ISIDRO,2,12,155,1,SAN ESTANISLAO,SAN PEDRO,COL.SAN ISIDRO DEL NORTE,6400
ESC.COLONIA PATRICIO ESCOBAR,2,12,156,1,SAN ESTANISLAO,SAN PEDRO,COL.PATRICIO ESCOBAR-CERRO VERDE,10000
ESC. BAS. Nº 5951 LAS MERCEDES,2,12,157,1,SAN ESTANISLAO,SAN PEDRO,CÑIA. ARROYO MOROTI,10000
ESC. BAS. Nº 3371 EX MARENGO,2,12,158,1,SAN ESTANISLAO,SAN PEDRO,CALLE 4000 MARENGO,7500
ESC. BAS. Nº 2735,2,12,159,1,SAN ESTANISLAO,SAN PEDRO,CÑIA. NOVIRETA - SAN JUAN,10000
ESC. BAS. Nº 4413 Y COLEGIO NACIONAL MARIA AUXILIADORA,2,12,160,1,SAN ESTANISLAO,SAN PEDRO,MUNICIPIO-BARRIO TAPIRACUAI,2534
ESC. BAS. Nº 4079,2,12,161,1,SAN ESTANISLAO,SAN PEDRO,COL.CAÑADA SANTA ROSA,99418232
ESC. BAS. Nº 6174 SAN JOSE,2,12,162,1,SAN ESTANISLAO,SAN PEDRO,COL.REPUBLICANO-ZONA A,7200
ESC. BAS. N° 6193 SAN ISIDRO,2,12,163,1,SAN ESTANISLAO,SAN PEDRO,COL.DEF DEL CHACO-CALLE4000 BERTONI,10200
ESC. BAS. Nº 15427,2,12,165,1,SAN ESTANISLAO,SAN PEDRO,COL.NAVIDAD-MBOCAYATY III,7500
ESC. BAS. Nº 4419 PADRE JOSE AGUSTIN MOLAS,2,12,166,1,SAN ESTANISLAO,SAN PEDRO,COL.SANTA LIBRADA,10000
ESC. BAS. Nº 2822 Y COLEGIO NACIONAL BARRIO REPUBLICANO,2,12,167,1,SAN ESTANISLAO,SAN PEDRO,COL.SANTA LIBRADA,19958
ESC. BAS. Nº 1473 MCAL. ESTIGARRIBIA Y COLEGIO NACIONAL KUARAHY RESE,2,12,168,1,SAN ESTANISLAO,SAN PEDRO,COL.DEFENSORES DEL CHACO,18800
ESC. BAS. Nº 405,2,13,1,1,SAN PABLO,SAN PEDRO,MUNICIPIO,12000
ESC. BAS. Nº 405,2,13,1,2,SAN PABLO,SAN PEDRO,CNIA.SAN PABLO,12000
COLEGIO NAC. SAN PABLO,2,13,2,1,SAN PABLO,SAN PEDRO,MUNICIPIO,10000
COLEGIO NAC. SAN PABLO,2,13,2,2,SAN PABLO,SAN PEDRO,MUNICIPIO,10000
ESC. BAS. Nº 1691,2,13,3,1,SAN PABLO,SAN PEDRO,SAN PABLO,7500
ESC. BAS. Nº 2636,2,13,4,1,SAN PABLO,SAN PEDRO,COL.SAN PABLO,2619
ESC. BAS. Nº 2635,2,13,5,1,SAN PABLO,SAN PEDRO,COL.SAN PABLO,99999288
M.E.C.,2,14,1,1,SAN PEDRO DEL YCUAMANDYYU,SAN PEDRO,COLONIA COCUERA,15600
ESC. BAS. Nº 1688 DE NARANJATY Y LIC.NAC.,2,14,2,1,SAN PEDRO DEL YCUAMANDYYU,SAN PEDRO,NARANJAITY Y MONTIEL CUE,10000
ESC. BAS. Nº 397 VICENTE I. ITURBE,2,14,4,1,SAN PEDRO DEL YCUAMANDYYU,SAN PEDRO,SAN PEDRO DEL YCUAMANDIYU,13500
M.E.C.,2,14,5,1,SAN PEDRO DEL YCUAMANDYYU,SAN PEDRO,COLONIA LAGUNA VERA,7470
ESC. BAS. Nº 314 FLORIA ROSALVA AGÜERO DE DAVALOS Y COLEGIO NACIONAL SAN PEDRO,2,14,6,1,SAN PEDRO DEL YCUAMANDYYU,SAN PEDRO,SAN PEDRO DEL YCUAMANDIYU,7399
ESC. BAS. Nº 2271,2,14,7,1,SAN PEDRO DEL YCUAMANDYYU,SAN PEDRO,COLONIA AGUARAYMI,7106
SUPERVISION EB ZONA A,2,14,8,1,SAN PEDRO DEL YCUAMANDYYU,SAN PEDRO,SAN PEDRO DEL YCUAMANDIYU,1333
ESC. BAS. Nº 3705,2,14,9,1,SAN PEDRO DEL YCUAMANDYYU,SAN PEDRO,AGUARAYMI JHUGUA I,10000
ESC. BAS. Nº 2292,2,14,10,1,SAN PEDRO DEL YCUAMANDYYU,SAN PEDRO,COLONIA ANTEQUERA,8890
ESC. BAS. Nº 2277 Y LIC.NAC.SAN JOSE,2,14,11,1,SAN PEDRO DEL YCUAMANDYYU,SAN PEDRO,COLONIA ANTEQUERA,9327
ESC. BAS. Nº 2264,2,14,12,1,SAN PEDRO DEL YCUAMANDYYU,SAN PEDRO,COLONIA ANTEQUERA,6709
ESC. BAS. Nº 946 Y LIC.NAC.ZOBALARRIETA,2,14,13,1,SAN PEDRO DEL YCUAMANDYYU,SAN PEDRO,COLONIA ANTEQUERA,11265
M.E.C.,2,14,14,1,SAN PEDRO DEL YCUAMANDYYU,SAN PEDRO,COL.ANTEQUERA,5247
ESC. BAS. Nº 2638,2,14,15,1,SAN PEDRO DEL YCUAMANDYYU,SAN PEDRO,COL.ANTEQUERA-INMACULADA,6674
ESC. BAS. Nº 945 DON J.RAMIREZ,2,14,16,1,SAN PEDRO DEL YCUAMANDYYU,SAN PEDRO,COL.ANTEQUERA,11430
ESC. BAS. Nº 506,2,14,17,1,SAN PEDRO DEL YCUAMANDYYU,SAN PEDRO,COL.ANTEQUERA,14898
ESC. BAS. Nº 2280,2,14,18,1,SAN PEDRO DEL YCUAMANDYYU,SAN PEDRO,ANTEQUERA,20000
ESC. BAS. Nº 3985,2,14,19,1,SAN PEDRO DEL YCUAMANDYYU,SAN PEDRO,SAN PEDRO DEL YCUAMANDYYU,5836
ESC. BAS. Nº 3710,2,14,20,1,SAN PEDRO DEL YCUAMANDYYU,SAN PEDRO,COLONIA ANTEQUERA,7394
ESC. BAS. Nº 3710,2,14,20,2,SAN PEDRO DEL YCUAMANDYYU,SAN PEDRO,ANTEQUERA,7392
COLEGIO NACIOANL CNEL. ANTONIO ORTIGOZA,2,14,21,1,SAN PEDRO DEL YCUAMANDYYU,SAN PEDRO,COLONIA ANTEQUERA,10000
ESC. BAS. Nº 4118 Bº SAN RAFAEL,2,14,22,1,SAN PEDRO DEL YCUAMANDYYU,SAN PEDRO,SAN RAFAEL,0
ESC. BAS. Nº 2262,2,14,23,1,SAN PEDRO DEL YCUAMANDYYU,SAN PEDRO,ROSARIO LOMAS,10000
INSTITUTO DE FORMACION DOCENTE Y ESC. BAS. Nº 7721,2,14,24,1,SAN PEDRO DEL YCUAMANDYYU,SAN PEDRO,SAN PEDRO,10000
INSTITUTO DE FORMACION DOCENTE,2,14,24,2,SAN PEDRO DEL YCUAMANDYYU,SAN PEDRO,MUNICIPIO,9750
M.E.C.,2,14,25,1,SAN PEDRO DEL YCUAMANDYYU,SAN PEDRO,ANTEQUERA,1872
ESC. BAS. Nº 505,2,14,26,1,SAN PEDRO DEL YCUAMANDYYU,SAN PEDRO,COLONIA ANTEQUERA,5754
ESC. BAS. Nº 398 Y COLEGIONAC.VILLA DE LAS MERCEDES,2,14,27,1,SAN PEDRO DEL YCUAMANDYYU,SAN PEDRO,VILLA DE MERCEDES,10000
COLEGIO NAC. EMILIANO R. FERNANDEZ,2,14,28,1,SAN PEDRO DEL YCUAMANDYYU,SAN PEDRO,PUERTO YBAPOBO,4000
ESC. BAS. Nº 399,2,14,29,1,SAN PEDRO DEL YCUAMANDYYU,SAN PEDRO,COL.ANTEQUERA,4983
ESC. BAS. Nº 2279,2,14,30,1,SAN PEDRO DEL YCUAMANDYYU,SAN PEDRO,COL.ANTEQUERA,11870
ESC. BAS. Nº 3709 SAN BLAS,2,14,31,1,SAN PEDRO DEL YCUAMANDYYU,SAN PEDRO,COL.ANTEQUERA,5247
ESC. BAS. Nº 6921,2,14,32,1,SAN PEDRO DEL YCUAMANDYYU,SAN PEDRO,COL.FONDO RUGUA,94935184
ESC. BAS. Nº 504 PUERTO YBAPOBO,2,14,33,1,SAN PEDRO DEL YCUAMANDYYU,SAN PEDRO,PUERTO YBAPOBO,3900
ESC. BAS. Nº 3716 SANTA ANA,2,14,34,1,SAN PEDRO DEL YCUAMANDYYU,SAN PEDRO,MUNICIPIO,4018
ESC. BAS. Nº 993,2,14,35,1,SAN PEDRO DEL YCUAMANDYYU,SAN PEDRO,COL.ANTEQUERA,20867
ESC. BAS. Nº 6609 SANTA ROSA,2,14,36,1,SAN PEDRO DEL YCUAMANDYYU,SAN PEDRO,COL.ANTEQUERA-NANDU CUA B° STA.ROSA,11287
COLEGIO NAC. VILLA DE MERCEDES,2,14,37,1,SAN PEDRO DEL YCUAMANDYYU,SAN PEDRO,COL. VILLA DE MERCEDES,9881
ESC. BAS. Nº 2282,2,14,38,1,SAN PEDRO DEL YCUAMANDYYU,SAN PEDRO,COL.POTRERO NARANJO,97402912
ESC. BAS. Nº 1611,2,14,39,1,SAN PEDRO DEL YCUAMANDYYU,SAN PEDRO,POTRERO PUCU-SAN PABLO II,8901
ESC. BAS. Nº 992,2,14,40,1,SAN PEDRO DEL YCUAMANDYYU,SAN PEDRO,COL.ANTEQUERA,37060472
ESC. BAS. Nº 3985 SAN RAMON,2,14,41,1,SAN PEDRO DEL YCUAMANDYYU,SAN PEDRO,BARRIO SAN JOSE,583625
ESC. BAS. Nº 6601SAN JOSE OBRERO,2,14,42,1,SAN PEDRO DEL YCUAMANDYYU,SAN PEDRO,JHUGUA GUAZU-NARANJATY-MONTIEL CUE,10000
ESC. BAS. Nº 394 DE LOS SANTOS VDA. DE MENDIETA Y COLEGIO NACIONAL,2,14,43,1,SAN PEDRO DEL YCUAMANDYYU,SAN PEDRO,AGURAY SECO,4819
ESC. BAS. Nº 394 DE LOS SANTOS VDA. DE MENDIETA Y COLEGIO NACIONAL,2,14,43,2,SAN PEDRO DEL YCUAMANDYYU,SAN PEDRO,AGURAY SECO,3886
ESC. BAS. Nº 6887 SAGRADA FAMILIA,2,15,1,1,TACUATI,SAN PEDRO,COL.PYA GUAZU-POTRERO OCULTO,3484
ESC. BAS. Nº 6887,2,15,1,2,TACUATI,SAN PEDRO,COL.PYA GUAPY-POTRERO OCULTO,81999016
ESC. BAS. Nº 2632 ANTONIO DIOGENES SOSA,2,15,2,1,TACUATI,SAN PEDRO,COL.PYA GUAZU-COSTA POI,15666
ESC. BAS. Nº 3986 ANDRES D. BORGOGNON,2,15,3,1,TACUATI,SAN PEDRO,COL.PYA GUAPY,13346
ESC. BAS. Nº 2892 6 DE ENERO,2,15,4,1,TACUATI,SAN PEDRO,COL. 6 DE ENERO,26100
ESC. BAS. Nº 2282,2,15,5,1,TACUATI,SAN PEDRO,COL.POTRERO NARANJO,9740
ESC. BAS. Nº 3707,2,15,6,1,TACUATI,SAN PEDRO,LUGAR SANTA ROSA DEL AGUARAY-MI,142129264
ESC. BAS. Nº 2270,2,15,7,1,TACUATI,SAN PEDRO,AGUARAY-MI,9983
ESC. BAS. Nº 6889 SAN PEDRO APOSTOL,2,15,8,1,TACUATI,SAN PEDRO,COLONIA PYA GUAPY,9761
ESC. BAS. Nº 2920 SAN ANTONIO,2,15,9,1,TACUATI,SAN PEDRO,COLONIA 6 DE ENERO,12500
ESC. BAS. Nº 2103,2,15,10,1,TACUATI,SAN PEDRO,COLONIA SAN JUAN,4500
ESC. BAS. Nº 3747 AGUSTIN CACERES ROLON,2,15,11,1,TACUATI,SAN PEDRO,CRUCE TACUATI,20000
ESC SAN ANTONIO,2,15,12,1,TACUATI,SAN PEDRO,COL.SAN JUAN,2225
ESC. BAS. Nº 2269 SAN ROQUE GONZALEZ,2,15,13,1,TACUATI,SAN PEDRO,COL.PYAGUAPY-GRAL DIAZ,93939552
ESC. BAS. Nº 2102,2,15,14,1,TACUATI,SAN PEDRO,COL. PUERTO SANTA ROSA,104989768
ESC. BAS. Nº 3713,2,15,15,1,TACUATI,SAN PEDRO,COL.PYA-GUAPY - MANZ.CASTILLO CUE,100000000
ESC. BAS. Nº 3998 TACUATI POTY,2,15,16,1,TACUATI,SAN PEDRO,COL.TACUATI POTY,101198704
ESC. DE LA COLONIA 6 DE ENERO,2,15,17,1,TACUATI,SAN PEDRO,COL. 6 DE ENERO,10000
ESC. BAS. Nº 4962,2,15,19,1,TACUATI,SAN PEDRO,COL.SAN PEDRO POTY,75999680
ESC. BAS. Nº 6888 INMACULADA CONCEPCION,2,15,20,1,TACUATI,SAN PEDRO,COL.TACUATI POTY,99998720
ESC,2,15,21,1,TACUATI,SAN PEDRO,COL.SAN PEDRO POTY,37020684
ESC. BAS. Nº 4964 ROSA PALEARI DE GILL,2,15,22,1,TACUATI,SAN PEDRO,PAVON CUE,24979390
M.E.C.,2,16,1,1,UNION,SAN PEDRO,UNION,158
ESC. BAS. Nº 1496,2,16,2,1,UNION,SAN PEDRO,YATAITY DEL NORTE,10000
ESC. BAS. Nº 36 CANTALICIO ESPINOLA Y COLEGIO NACIONAL JOSE DOMINGO PORTILLO,2,16,3,1,UNION,SAN PEDRO,UNION,12645
ESC. BAS. Nº 2674 GRAL. BERNARDINO CABALLERO COLEGIO NACIONAL SANTA MARIA,2,16,4,1,UNION,SAN PEDRO,SANTA MARIA,5400
COLEGIO NACIONAL SAN CARLOS,2,16,5,1,UNION,SAN PEDRO,UNION,9999
ESC. BAS. Nº 1498,2,16,6,1,UNION,SAN PEDRO,CÑIA.URUNDEY,20000
ESC. BAS. Nº 3775,2,16,7,1,UNION,SAN PEDRO,COL.12 DE JUNIO,10000
ESC. BAS. Nº 2675 PEDRO JUAN CABALLERO,2,16,8,1,UNION,SAN PEDRO,COL. SAN ANTONIO,10000
ESC. BAS. Nº 2676 DEFENSORES DEL CHACO,2,16,9,1,UNION,SAN PEDRO,COL. SAN MIGUEL,35849488
ESC. BAS. Nº 417 JUANA MARIA DE LARA,2,17,1,1,YATAITY DEL NORTE,SAN PEDRO,YATAITY DEL NORTE,31600
COLEGIO NACIONAL YATAITY DEL NORTE,2,17,2,1,YATAITY DEL NORTE,SAN PEDRO,YATAITY DEL NORTE,2500
ESC. BAS. Nº 3398 CNEL. MAURICIO J. TROCHE,2,17,3,1,YATAITY DEL NORTE,SAN PEDRO,YATAITY DEL NORTE,10000
ESC. BAS. Nº 1684,2,17,4,1,YATAITY DEL NORTE,SAN PEDRO,LUGAR DENOMINADO GUAZU RETA.,10
COLEGIO NACIONAL YATAITY DEL NORTE,2,17,5,1,YATAITY DEL NORTE,SAN PEDRO,LUGAR DENOMINADO ZONA A.,2500
COLEGIO NACIONAL SANTA RITA,2,17,6,1,YATAITY DEL NORTE,SAN PEDRO,BARRERO PYTA,10000
COLEGIO NACIONAL SANTA RITA,2,17,6,2,YATAITY DEL NORTE,SAN PEDRO,BARRERO PYTA,5000
ESC. BAS. Nº 3773,2,17,7,1,YATAITY DEL NORTE,SAN PEDRO,AULA-CUE,10000
ESC. BAS. Nº 1682,2,17,8,1,YATAITY DEL NORTE,SAN PEDRO,CÑIA.GUAVIRA,5000
ESC. BAS. Nº 4421,2,17,9,1,YATAITY DEL NORTE,SAN PEDRO,CÑIA.12 DE JUNIO,9600
ESC. BAS. Nº 6142 DR. VICENTE SARUBBI ZALDIVAR,2,17,11,1,YATAITY DEL NORTE,SAN PEDRO,CÑIA. CHORRO,10000
ESC. BAS. Nº 3411 SAN FELIPE DE YSAU,2,17,12,1,YATAITY DEL NORTE,SAN PEDRO,CñIA.YSAU,10000
ESC. BAS. Nº 1683 DR. JOSE G.R. DE FRANCIA,2,17,13,1,YATAITY DEL NORTE,SAN PEDRO,BARRIO SANTO DOMINGO,10000
ESC. BAS. Nº 2875,2,17,14,1,YATAITY DEL NORTE,SAN PEDRO,CÑIA SAN JOSE - GUAZU RETA,10000
ESC. BAS. Nº 2874 MCAL.J.F.ESTIGARRIBIA,2,17,15,1,YATAITY DEL NORTE,SAN PEDRO,COMPAÑIA YSAU,1600
ESC. BAS. Nº 3513,2,17,16,1,YATAITY DEL NORTE,SAN PEDRO,CÑIA. NUEVA ALIANZA,7500
ESC. BAS. Nº 3367 SANTA LUCIA Y COLEGIO NACIONAL SANTA LUCIA,2,17,17,1,YATAITY DEL NORTE,SAN PEDRO,CÑIA. MARIA AUXILIADORA,9375
ESC. BAS. Nº 3511,2,17,18,1,YATAITY DEL NORTE,SAN PEDRO,COLONIA YATAITY,10000
FUTURO COLEGIO DE LA COMUNIDAD YSAU,2,17,19,1,YATAITY DEL NORTE,SAN PEDRO,COMUNIDAD YSAU-CALLE SAN FELIPE,4900
COLEGIO NACIONAL FULGENCIO ROJAS SILVERA,2,17,20,1,YATAITY DEL NORTE,SAN PEDRO,GUAZU RETA,10000
COLEGIO NACIONAL NUESTRA SEÑORA DE LAS MERCEDES,2,17,21,1,YATAITY DEL NORTE,SAN PEDRO,FRACCION A - MUNICIPIO,10000
ESC. BAS. Nº 2501 TTE JOSE MARIA FARIÑA,2,17,22,1,YATAITY DEL NORTE,SAN PEDRO,COMPAÑÍA CHORRO,10000
SUPERVISION PEDAGOGICA Y ADMINISTRATIVA,2,17,23,1,YATAITY DEL NORTE,SAN PEDRO,YATAITY DEL NORTE,10000
ESC. BAS. Nº 638  SAN ISIDRO,2,17,24,1,YATAITY DEL NORTE,SAN PEDRO,COMPAÑÍA SANTA LUCIA,10000
ESC. BAS. Nº 5948 SAN FRANCISCO DE ASIS,2,17,25,1,YATAITY DEL NORTE,SAN PEDRO,ZONA A,10000
ESC. BAS. Nº 3456,2,17,26,1,YATAITY DEL NORTE,SAN PEDRO,COLONIA,10000
ESC. BAS. Nº 4482 SANTA ANA,2,18,1,1,SANTA ROSA DEL AGUARAY,SAN PEDRO,COL.STA ROSA DEL AGUARAY-SANTA ANA,5245
ESC,2,18,2,1,SANTA ROSA DEL AGUARAY,SAN PEDRO,COL.SAN MIGUEL DEL NORTE,122101712
ESC BAS. Nº 4995 SANTO DOMINGO DE GUZMAN,2,18,3,1,SANTA ROSA DEL AGUARAY,SAN PEDRO,COL. SANTA ROSA DEL AGUARAY,3846
ESC BAS. Nº 7766 SANTA ROSA,2,18,4,1,SANTA ROSA DEL AGUARAY,SAN PEDRO,BARRIO FATIMA,1995
ESC. BAS. Nº 42 D.M.DE IRALA Y COLEGIO NACIONAL MCAL.LOPEZ,3,1,1,1,ALTOS,CORDILLERA,ALTOS,15807
ESC. BAS. Nº 5095 HERNANDO DE TREJO Y SANABRIA,3,1,2,1,ALTOS,CORDILLERA,COLONIA PORARU,9072
ESC. BAS. Nº 272 PROF. DELFIN CHAMORRO Y COLEGIONAC. FRANCISCO ACUÑA DE FIGUERO,3,1,3,1,ALTOS,CORDILLERA,COLONIA ACUñA DE FIGUEROA,20000
ESC. BAS. Nº 3901 JOSE FELIX BOGADO,3,1,4,1,ALTOS,CORDILLERA,CHOCHI,6941
ESC. BAS. Nº 794 SILVIO PETTIROSSI Y COLEGIO NACIONAL FRAY LUIS DE BOLAÑOS,3,1,5,1,ALTOS,CORDILLERA,ITAGAZA,17507
ESC. BAS. Nº 4034,3,1,6,1,ALTOS,CORDILLERA,TAYY CAñADA,4437
M.E.C.,3,1,8,1,ALTOS,CORDILLERA,RIOS CUE,1200
M.E.C,3,1,9,1,ALTOS,CORDILLERA,ALTOS,433
ESC. BAS. Nº 3903 MCAL.JOSE F.ESTIGARRIBIA,3,1,10,1,ALTOS,CORDILLERA,AGUAI-Y,5282
ESC. BAS. Nº 720 CRISTOBAL COLON,3,1,11,1,ALTOS,CORDILLERA,TUCANGUA CAÑADA,19784
ESC. BAS. Nº 721 Y COLEGIO NACIONAL ALEJO GARCIA,3,1,12,1,ALTOS,CORDILLERA,TUCANGUA CORDILLERA,29331862
ESC. BAS. Nº 3909 RAZA GUARANI (1ºFRACCI,3,2,1,1,ARROYOS Y ESTEROS,CORDILLERA,MAINUMBY,3120
ESC. BAS. Nº 3909 (2ª FRACCION),3,2,2,1,ARROYOS Y ESTEROS,CORDILLERA,MAINUMBY,1968
ESC. BAS. Nº 5098 PADRE MAXIMO ROJAS CHIRIFE,3,2,3,1,ARROYOS Y ESTEROS,CORDILLERA,COMPAÑIA ACEVEDO,2500
COLEGIO NACIONAL SANTA TERESITA,3,2,4,1,ARROYOS Y ESTEROS,CORDILLERA,COMPAÑIA ACEVEDO,1400
ESC. BAS. Nº 2226 BERTA ZALDIVAR VDA. DE PAPPALARDO,3,2,5,1,ARROYOS Y ESTEROS,CORDILLERA,PIRAPO,5005
ESC. BAS. Nº 2227 "LAS RESIDENTAS",3,2,6,1,ARROYOS Y ESTEROS,CORDILLERA,GALVAN CUE,1600
ESC. BAS. Nº 6719 VIRGEN MARIA AUXILIADORA,3,2,7,1,ARROYOS Y ESTEROS,CORDILLERA,PIRAPO,9225
ESC. BAS. Nº 486 "CARLOS A.LOPEZ",3,2,8,1,ARROYOS Y ESTEROS,CORDILLERA,URUNDEY,2700
ESC. BAS. Nº 2230 "MARIA L.G.DE ZORRAQUIN",3,2,9,1,ARROYOS Y ESTEROS,CORDILLERA,LOPEZ CUE,18449
ESC. BAS. Nº 487 "JOSEFA T.DE AGUERRI",3,2,10,1,ARROYOS Y ESTEROS,CORDILLERA,TACUARINDY,8000
ESC. BAS. Nº 487 "JOSEFA T.DE AGUERRI",3,2,10,2,ARROYOS Y ESTEROS,CORDILLERA,MBOPICUA,2000
ESC. BAS. Nº 524 RAMON I.CARDOZO,3,2,11,1,ARROYOS Y ESTEROS,CORDILLERA,ITA PIRU,80000
ESC. BAS. Nº 2225 "MARIA F.GONZALEZ",3,2,12,1,ARROYOS Y ESTEROS,CORDILLERA,URUNDEY,1200
ESC. BAS. Nº 2735,3,2,13,1,ARROYOS Y ESTEROS,CORDILLERA,ISLA GUAZU,12670
ESC. BAS. Nº 689 Y COLEGIO NACIONAL SAN ISIDRO,3,2,14,1,ARROYOS Y ESTEROS,CORDILLERA,CURUPAYTY,5100
ESC. BAS. Nº 489 CNEL.JUAN R.ESCOBAR,3,2,15,1,ARROYOS Y ESTEROS,CORDILLERA,ISLA GUAZU,9616
COLEGIO NACIONAL  PADRE FIDEL MAIZ,3,2,16,1,ARROYOS Y ESTEROS,CORDILLERA,ARROYOS Y ESTEROS,4391
ESC. BAS. Nº 41 PRESBITERO FIDEL MAIZ,3,2,17,1,ARROYOS Y ESTEROS,CORDILLERA,ARROYOS Y ESTEROS,3100
ESC. BAS. Nº 6718 LIC. ANA ROSA OLMEDO B,3,2,18,1,ARROYOS Y ESTEROS,CORDILLERA,MUNICIPIO,4050
ESC. BAS. Nº 5097 MARIA RITA FIGARI DE POLETTI,3,2,19,1,ARROYOS Y ESTEROS,CORDILLERA,URUNDEY,2500
ESC. NAC. COMERCIO CARLOS A. LOPEZ,3,2,20,1,ARROYOS Y ESTEROS,CORDILLERA,MUNICIPIO,503624256
ESC. BAS. Nº 2229 GRAL.BERNARDINO CABALLERO,3,2,21,1,ARROYOS Y ESTEROS,CORDILLERA,CÑIA.CURUPAYTY,1949
ESCUELA DE ISLA GUAZU,3,2,22,1,ARROYOS Y ESTEROS,CORDILLERA,BARRIO SAN BLAS,8125
ESC. BAS. Nº 1535 GRAL. ELIZARDO AQUINO,3,2,23,1,ARROYOS Y ESTEROS,CORDILLERA,MUNICIPIO,3492
ESC. BAS. Nº 387 DR.EZEQUIEL G.ALSINA,3,3,1,1,ATYRA,CORDILLERA,ATYRA,8000
ESC. BAS. Nº 2235,3,3,2,1,ATYRA,CORDILLERA,CARUMBEY,4728
LICEO NACIONAL SANTA CLARA,3,3,3,1,ATYRA,CORDILLERA,ÑURUGUA,5153
ESC. BAS. Nº 4767 DON JUAN P. OJEDA,3,3,4,1,ATYRA,CORDILLERA,TACUATI CIA.CAACUPE MI,6400
ESC. BAS. Nº 1557 MARIA AUXILIADORA,3,3,5,1,ATYRA,CORDILLERA,CAÑADA CANDIA,10008
COLEGIO NAC. FRANCISCO S.LOPEZ,3,3,6,1,ATYRA,CORDILLERA,ATYRA,9856
COLEGIO NAC. VICTORIA V. BARRIENTOS,3,3,7,1,ATYRA,CORDILLERA,ZANJA JHU,2694
ESC. BAS. Nº 1010 MCAL.JOSE F.ESTIGARRIBIA,3,3,8,1,ATYRA,CORDILLERA,LOTE NUEVO,3494
ESC. BAS. Nº 43 ELENA DE PRIETO BAZAN,3,3,9,1,ATYRA,CORDILLERA,ATYRA,7470
ESC. BAS. Nº 3541 Y LIC.NAC.SAN FRANC.DE ASIS,3,3,10,1,ATYRA,CORDILLERA,ATYRA,2166
ESC. BAS. Nº 725 CNEL.VICTOR OJEDA M.,3,3,11,1,ATYRA,CORDILLERA,MOAY MOñAIRY,5625
ESC. BAS. Nº 400 DR.BRIGIDO RODRIGUEZ BAEZ,3,3,12,1,ATYRA,CORDILLERA,MUNICIPIO,3360
M.E.C.,3,3,13,1,ATYRA,CORDILLERA,ATYRA,0
ESC. BAS. Nº 4111 MONTE ALTO,3,3,14,1,ATYRA,CORDILLERA,BERNARDINO CABALLERO,2239
ESC. BAS. Nº 1558,3,3,15,1,ATYRA,CORDILLERA,BERNARDINO CABALLERO,3040
